current_position_x,current_position_y,current_position_z,current_orientation_x,current_orientation_y,current_orientation_z,current_orientation_w,control_linear_x,control_angular_z,next_position_x,next_position_y,next_position_z,next_orientation_x,next_orientation_y,next_orientation_z,next_orientation_w
2.3851968516358815,-2.4674347489045845,-1.3521078870565808,0.0394731310803407,0.0061450221982490005,0.6419600005840369,0.7656967208203523,0.17103527675239483,-0.4614883246233228,2.386363945618266,-2.4603601536124557,-1.3518683236823188,0.039627102414468006,0.005663375274869789,0.6526720923589038,0.7565822881819134
2.386363945618266,-2.4603601536124557,-1.3518683236823188,0.039627102414468006,0.005663375274869789,0.6526720923589038,0.7565822881819134,-0.024094889198129188,-0.8040976182127986,2.408895762644942,-2.462860063768789,-1.3531047928028586,0.04014477328970211,0.006739604965215403,0.6133097503689484,0.7887928276834225
2.408895762644942,-2.462860063768789,-1.3531047928028586,0.04014477328970211,0.006739604965215403,0.6133097503689484,0.7887928276834225,0.24220272585296643,0.7771447352051721,2.430474058518076,-2.417513460406244,-1.3527017081160662,0.039857065121443776,0.005118210471481661,0.6574364578859252,0.7524377197641561
2.430474058518076,-2.417513460406244,-1.3527017081160662,0.039857065121443776,0.005118210471481661,0.6574364578859252,0.7524377197641561,0.6386176680327613,-0.9895944364378637,2.457581451427806,-2.2710123104764937,-1.3480882592117762,0.03873558756776134,0.007136286571841876,0.6040888815599538,0.7959429947209717
2.457581451427806,-2.2710123104764937,-1.3480882592117762,0.03873558756776134,0.007136286571841876,0.6040888815599538,0.7959429947209717,0.40887701317743885,-0.07602295783796298,2.4883080624983993,-2.1738510069048966,-1.3456825579461902,0.038830282557648546,0.006829306015740781,0.6018091537754857,0.7976661658663168
2.4883080624983993,-2.1738510069048966,-1.3456825579461902,0.038830282557648546,0.006829306015740781,0.6018091537754857,0.7976661658663168,0.8053080477712484,-0.20869938179526004,2.540886357050221,-2.002385324333232,-1.3408968786236422,0.03805753768442451,0.006750849364682322,0.594305767978768,0.8033098430900873
2.540886357050221,-2.002385324333232,-1.3408968786236422,0.03805753768442451,0.006750849364682322,0.594305767978768,0.8033098430900873,0.3713992289624677,0.5786620005382688,2.5612232233605767,-1.9195963334002573,-1.3380178906580207,0.03755061709271021,0.004744915766130183,0.6216813294151362,0.782355265583966
2.5612232233605767,-1.9195963334002573,-1.3380178906580207,0.03755061709271021,0.004744915766130183,0.6216813294151362,0.782355265583966,0.06521285666768684,0.7889661546907725,2.562430574450888,-1.8989497769584158,-1.3370390945080024,0.037861754694774576,0.0019625989786232877,0.6835485923600886,0.728919719598272
2.562430574450888,-1.8989497769584158,-1.3370390945080024,0.037861754694774576,0.0019625989786232877,0.6835485923600886,0.728919719598272,0.9134720836910648,0.2457837067336308,2.567251345419007,-1.7115290273485448,-1.3287334732166372,0.03684605262230129,7.020613189979833e-05,0.7020340741521591,0.7111895121601375
2.567251345419007,-1.7115290273485448,-1.3287334732166372,0.03684605262230129,7.020613189979833e-05,0.7020340741521591,0.7111895121601375,-0.2819621435862256,-0.49317333840491684,2.553739641897515,-1.7851101970639978,-1.3314991668022036,0.03652993446666704,0.0018924770736877831,0.6739604617782543,0.7378612866779425
2.553739641897515,-1.7851101970639978,-1.3314991668022036,0.03652993446666704,0.0018924770736877831,0.6739604617782543,0.7378612866779425,-0.5009179348274986,0.8328056095772884,2.5479988568881673,-1.8846516732693992,-1.3356051612241429,0.0375935099809211,0.0012390396882376662,0.7004797489005822,0.712680373076278
2.5479988568881673,-1.8846516732693992,-1.3356051612241429,0.0375935099809211,0.0012390396882376662,0.7004797489005822,0.712680373076278,0.2608168496532093,-0.8759472145183809,2.576281779200959,-1.8015857921794711,-1.333398397687288,0.03658123923755134,0.0020022800252142,0.670013950888644,0.7414439354564412
2.576281779200959,-1.8015857921794711,-1.333398397687288,0.03658123923755134,0.0020022800252142,0.670013950888644,0.7414439354564412,-0.7730561563766449,-0.9045465349890043,2.566457814076116,-1.9580189915366446,-1.3400042095959381,0.03820167829261494,0.0034318135858473695,0.6540717490751733,0.7554594638317023
2.566457814076116,-1.9580189915366446,-1.3400042095959381,0.03820167829261494,0.0034318135858473695,0.6540717490751733,0.7554594638317023,-0.7753733477802773,0.09440203419178705,2.542706801051527,-2.1450595329874886,-1.34745562225827,0.03992459407875197,0.003558512420362702,0.6695726711636011,0.7416642109525315
2.542706801051527,-2.1450595329874886,-1.34745562225827,0.03992459407875197,0.003558512420362702,0.6695726711636011,0.7416642109525315,0.546753229343061,0.4043894893811928,2.5502741492373033,-2.0105581366050043,-1.3416497129179232,0.03946986854924157,0.0014939279354500858,0.7025794566407907,0.7105082721280314
2.5502741492373033,-2.0105581366050043,-1.3416497129179232,0.03946986854924157,0.0014939279354500858,0.7025794566407907,0.7105082721280314,0.5480522391839586,0.2919448861631475,2.5502763478625305,-1.8808890882646792,-1.335497004980244,0.037603652437308135,0.00075109355934546,0.7075441934864973,0.7056674963786991
2.5502763478625305,-1.8808890882646792,-1.335497004980244,0.037603652437308135,0.00075109355934546,0.7075441934864973,0.7056674963786991,-0.34535831240323533,0.6460352090126056,2.5508626370699914,-1.9615622461150968,-1.3393377206839912,0.03933737340900997,-0.0004693222365045648,0.7363112417859893,0.6754984130325495
2.5508626370699914,-1.9615622461150968,-1.3393377206839912,0.03933737340900997,-0.0004693222365045648,0.7363112417859893,0.6754984130325495,0.806450806422512,0.7874477085292548,2.5195473813079428,-1.7788570416222476,-1.3292458159143519,0.03694439815949783,-0.0031307795901673856,0.7781373969259985,0.626998804758846
2.5195473813079428,-1.7788570416222476,-1.3292458159143519,0.03694439815949783,-0.0031307795901673856,0.7781373969259985,0.626998804758846,-0.030396872212652415,-0.5750999540990538,2.518240982820677,-1.766326555868573,-1.3073542857025573,0.0700050709664371,-0.033224921352686565,0.7749416009521516,0.6272646249819992
2.518240982820677,-1.766326555868573,-1.3073542857025573,0.0700050709664371,-0.033224921352686565,0.7749416009521516,0.6272646249819992,0.2625149640346731,-0.02930205689268428,2.5090827582605684,-1.7202636035531427,-1.3127657146493543,0.05076477208685695,-0.023639851712586,0.7716734817674902,0.6335488401558441
2.5090827582605684,-1.7202636035531427,-1.3127657146493543,0.05076477208685695,-0.023639851712586,0.7716734817674902,0.6335488401558441,0.7771653367149707,0.8266659691060936,2.469350468071129,-1.5629630170995756,-1.3177847891029804,0.032655598543822786,-0.004190058803285009,0.7993423334291657,0.5999732404690946
2.469350468071129,-1.5629630170995756,-1.3177847891029804,0.032655598543822786,-0.004190058803285009,0.7993423334291657,0.5999732404690946,-0.7091761245728201,-0.007157631506181428,2.520474593897839,-1.7336677441138866,-1.3273550859138672,0.03671157853235516,-0.004741488795732148,0.8035057557571503,0.5941449980861518
2.520474593897839,-1.7336677441138866,-1.3273550859138672,0.03671157853235516,-0.004741488795732148,0.8035057557571503,0.5941449980861518,-0.19876567358959285,-0.19481029037181008,2.5360785586319774,-1.7837337926734649,-1.3265718770864028,0.040640797157163976,-0.010312579525604477,0.8002752934535258,0.5981650533070548
2.5360785586319774,-1.7837337926734649,-1.3265718770864028,0.040640797157163976,-0.010312579525604477,0.8002752934535258,0.5981650533070548,-0.3094412042031045,0.9757390854981913,2.591857065090451,-1.91223754315907,-1.339352357677653,0.039761920563987384,-0.002998509744139556,0.7744800398698612,0.6313403729016194
2.591857065090451,-1.91223754315907,-1.339352357677653,0.039761920563987384,-0.002998509744139556,0.7744800398698612,0.6313403729016194,-0.2732511684405554,-0.16765089904480712,2.6032798941456106,-1.9696014228536107,-1.3425560536901253,0.04008797270632929,-0.0032995711914086436,0.7781403550190293,0.6268011288798933
2.6032798941456106,-1.9696014228536107,-1.3425560536901253,0.04008797270632929,-0.0032995711914086436,0.7781403550190293,0.6268011288798933,-0.6067366241185876,-0.10523309450641793,2.633515175210431,-2.118082150212445,-1.351508229783624,0.04141726867011705,-0.0020918196802546577,0.7757412532386425,0.629687019216748
2.633515175210431,-2.118082150212445,-1.351508229783624,0.04141726867011705,-0.0020918196802546577,0.7757412532386425,0.629687019216748,-0.3518388520191822,-0.9253951564665606,2.6444669340694724,-2.1681528983315785,-1.3546150764894047,0.04119451454769668,-0.0012693465344345517,0.7690459130051729,0.637863452802083
2.6444669340694724,-2.1681528983315785,-1.3546150764894047,0.04119451454769668,-0.0012693465344345517,0.7690459130051729,0.637863452802083,-0.11057538851168514,-0.3772906415973436,2.6549565153675845,-2.182337750121485,-1.35585493547705,0.0411777997412531,-0.0007363375313487851,0.7586437614472835,0.6502026528957157
2.6549565153675845,-2.182337750121485,-1.35585493547705,0.0411777997412531,-0.0007363375313487851,0.7586437614472835,0.6502026528957157,0.6314090453323837,-0.5250909155628678,2.6565458423068464,-2.0222909349826343,-1.3484221603043758,0.04106571273360983,-0.00045608068940133364,0.7334741963661182,0.6784754988156628
2.6565458423068464,-2.0222909349826343,-1.3484221603043758,0.04106571273360983,-0.00045608068940133364,0.7334741963661182,0.6784754988156628,0.39405682026347244,0.9774617669678363,2.6436136442275675,-1.9249104633729313,-1.342702482907575,0.0414723550265496,-0.004467604568282669,0.7922006463347614,0.6088334913790134
2.6436136442275675,-1.9249104633729313,-1.342702482907575,0.0414723550265496,-0.004467604568282669,0.7922006463347614,0.6088334913790134,0.7368426250192663,0.8381803383377588,2.5859723530761287,-1.7630919393659794,-1.3321470317089215,0.038372238681006185,-0.006125861789253832,0.8180678287366204,0.5738075223470831
2.5859723530761287,-1.7630919393659794,-1.3321470317089215,0.038372238681006185,-0.006125861789253832,0.8180678287366204,0.5738075223470831,0.13207851015394234,0.7428747344193254,2.5731782717413507,-1.7323352418646631,-1.3301311559536915,0.03849296398358885,-0.008264559887377508,0.8525744237732147,0.5211207544335545
2.5731782717413507,-1.7323352418646631,-1.3301311559536915,0.03849296398358885,-0.008264559887377508,0.8525744237732147,0.5211207544335545,-0.3551155591242203,-0.1305470898295933,2.611809595053514,-1.81593141448178,-1.3357939784087605,0.04149261568894419,-0.007824175105835713,0.8463784801767804,0.5309054656159098
2.611809595053514,-1.81593141448178,-1.3357939784087605,0.04149261568894419,-0.007824175105835713,0.8463784801767804,0.5309054656159098,0.27247667592277236,-0.404008876827213,2.583859854356516,-1.7556790730633078,-1.328328622669152,0.04061937970377989,-0.012046978498623646,0.8311510397056077,0.554430235014128
2.583859854356516,-1.7556790730633078,-1.328328622669152,0.04061937970377989,-0.012046978498623646,0.8311510397056077,0.554430235014128,-0.4579494780250619,-0.8300785830572317,2.626033437207821,-1.8361326426820885,-1.3376741117640023,0.0398317617472726,-0.006167237287127768,0.8179650713349632,0.5738541086516167
2.626033437207821,-1.8361326426820885,-1.3376741117640023,0.0398317617472726,-0.006167237287127768,0.8179650713349632,0.5738541086516167,0.6399545836348712,-0.40870008963214266,2.589495436213546,-1.680198003644267,-1.3287390636680292,0.03741248517834694,-0.005290927757703817,0.7976504597042922,0.6019352591182664
2.589495436213546,-1.680198003644267,-1.3287390636680292,0.03741248517834694,-0.005290927757703817,0.7976504597042922,0.6019352591182664,0.5464700372170557,0.41329176027450143,2.5455884428659545,-1.5538917309867128,-1.321005850517625,0.03506685738203401,-0.006443141278341668,0.8234069695671159,0.566330083884049
2.5455884428659545,-1.5538917309867128,-1.321005850517625,0.03506685738203401,-0.006443141278341668,0.8234069695671159,0.566330083884049,-0.5334370467576341,0.8781589632304345,2.6209579509439593,-1.672836425565634,-1.3302934554332946,0.038797638890417215,-0.009302231974430015,0.8646681191988087,0.5007566827692044
2.6209579509439593,-1.672836425565634,-1.3302934554332946,0.038797638890417215,-0.009302231974430015,0.8646681191988087,0.5007566827692044,0.546209252544885,0.36601777470929564,2.5523735396094454,-1.5557840662956355,-1.3215888252615202,0.03697403411020201,-0.010260923679646679,0.8831470398316525,0.46752426705300293
2.5523735396094454,-1.5557840662956355,-1.3215888252615202,0.03697403411020201,-0.010260923679646679,0.8831470398316525,0.46752426705300293,-0.9920153921074035,0.99716556451763,2.6514894361481955,-1.6708970207864224,-1.3316840958008673,0.038903291427089697,-0.011346867320625698,0.8867718387376846,0.46042750628077483
2.6514894361481955,-1.6708970207864224,-1.3316840958008673,0.038903291427089697,-0.011346867320625698,0.8867718387376846,0.46042750628077483,-0.2930715688372558,0.19398795843907624,2.694814408588219,-1.731469658562413,-1.3368811021285245,0.04040588285580808,-0.011544120604465887,0.8923768315521055,0.4493302665291283
2.694814408588219,-1.731469658562413,-1.3368811021285245,0.04040588285580808,-0.011544120604465887,0.8923768315521055,0.4493302665291283,0.849351935839191,-0.17281895123383273,2.586347052735879,-1.5761777462392221,-1.3241830125364913,0.03730695860914475,-0.010967628796556196,0.8861014750921954,0.4618572049858612
2.586347052735879,-1.5761777462392221,-1.3241830125364913,0.03730695860914475,-0.010967628796556196,0.8861014750921954,0.4618572049858612,-0.23761582050781094,-0.02260360917633686,2.6200845732344296,-1.6237984588461871,-1.3280054099935212,0.038092645467609446,-0.011144089141961232,0.8854820588136801,0.4629754671227853
2.6200845732344296,-1.6237984588461871,-1.3280054099935212,0.038092645467609446,-0.011144089141961232,0.8854820588136801,0.4629754671227853,0.910521897708471,0.5159039929115081,2.5045112025507232,-1.486610151738474,-1.3165524811314266,0.03497625072784725,-0.010788662224072912,0.8988123233198654,0.4368027862786401
2.5045112025507232,-1.486610151738474,-1.3165524811314266,0.03497625072784725,-0.010788662224072912,0.8988123233198654,0.4368027862786401,0.41485333657451884,0.39256859514821363,2.4367033435880034,-1.4064183748690753,-1.3102243523172112,0.031238304033891887,-0.01121135904577545,0.9121419610469305,0.40852847720433516
2.4367033435880034,-1.4064183748690753,-1.3102243523172112,0.031238304033891887,-0.01121135904577545,0.9121419610469305,0.40852847720433516,-0.7242118422916166,-0.8724137203501949,2.5289657333027553,-1.563157424025843,-1.3207533357168866,0.036471899259517576,-0.010359564635260258,0.8874087639199746,0.45942155554892533
2.5289657333027553,-1.563157424025843,-1.3207533357168866,0.036471899259517576,-0.010359564635260258,0.8874087639199746,0.45942155554892533,-0.30737523243201914,0.6339544705797786,2.5629993211367825,-1.6151105423006562,-1.3247615888097084,0.037095210460958664,-0.011727215972648392,0.9012277361086469,0.4315958589176581
2.5629993211367825,-1.6151105423006562,-1.3247615888097084,0.037095210460958664,-0.011727215972648392,0.9012277361086469,0.4315958589176581,0.7973454370484261,-0.6452149839294992,2.467192443427981,-1.4582640505207785,-1.313593877203446,0.032868334574647724,-0.008954713338352465,0.8803285472645384,0.473139656510025
2.467192443427981,-1.4582640505207785,-1.313593877203446,0.032868334574647724,-0.008954713338352465,0.8803285472645384,0.473139656510025,-0.6623381819130782,-0.35177619668864946,2.5449558290050645,-1.6046850425454742,-1.32330532326289,0.03701501641219759,-0.009094925376217424,0.8683980539325158,0.49440063796340844
2.5449558290050645,-1.6046850425454742,-1.32330532326289,0.03701501641219759,-0.009094925376217424,0.8683980539325158,0.49440063796340844,0.16182769391262686,0.7082350231419854,2.5217637777650155,-1.569385735595645,-1.3207263597659897,0.03647820155606839,-0.011042495621980961,0.8990455997779109,0.4361930921296782
2.5217637777650155,-1.569385735595645,-1.3207263597659897,0.03647820155606839,-0.011042495621980961,0.8990455997779109,0.4361930921296782,0.7215334111061453,0.767724121440037,2.3964668395966338,-1.4470360887216696,-1.310204613137549,0.03172236158102044,-0.011289852465798217,0.9261492501387107,0.3756511646122335
2.3964668395966338,-1.4470360887216696,-1.310204613137549,0.03172236158102044,-0.011289852465798217,0.9261492501387107,0.3756511646122335,-0.7813673603862648,0.5295136864292853,2.5462783733058743,-1.5663058482959868,-1.3217531240357034,0.035436174346798716,-0.014033348790415644,0.9417967948308674,0.33401517916959245
2.5462783733058743,-1.5663058482959868,-1.3217531240357034,0.035436174346798716,-0.014033348790415644,0.9417967948308674,0.33401517916959245,-0.2757610281319649,0.4239335925160421,2.589287354289783,-1.6114872439912924,-1.3257306035536558,0.03567603300540009,-0.01484538653164407,0.9503280034674082,0.30884222670058176
2.589287354289783,-1.6114872439912924,-1.3257306035536558,0.03567603300540009,-0.01484538653164407,0.9503280034674082,0.30884222670058176,0.7633001332923668,-0.23139128771349227,2.4439515225375765,-1.5030992752881553,-1.314186978607893,0.03348729998231481,-0.01317520144815496,0.9470146136920735,0.3191681943119456
2.4439515225375765,-1.5030992752881553,-1.314186978607893,0.03348729998231481,-0.01317520144815496,0.9470146136920735,0.3191681943119456,0.431245738166008,-0.48228736416759355,2.3602795114804924,-1.4312750105727672,-1.3082175957989004,0.03048117725629361,-0.01136951726378522,0.9342430953981845,0.3551499269478701
2.3602795114804924,-1.4312750105727672,-1.3082175957989004,0.03048117725629361,-0.01136951726378522,0.9342430953981845,0.3551499269478701,-0.49004004449414373,-0.09468538321981024,2.452577055579708,-1.5131807208998942,-1.3151849027944107,0.034392168227190774,-0.012929348914257866,0.9321124337102299,0.3603004602051992
2.452577055579708,-1.5131807208998942,-1.3151849027944107,0.034392168227190774,-0.012929348914257866,0.9321124337102299,0.3603004602051992,-0.5829275112878778,0.8338704145294604,2.572748671332686,-1.5975638979242117,-1.3243901953036126,0.03516439284413322,-0.014988805116256302,0.9542280747613668,0.29662700911128403
2.572748671332686,-1.5975638979242117,-1.3243901953036126,0.03516439284413322,-0.014988805116256302,0.9542280747613668,0.29662700911128403,0.8529418435976037,-0.9576262097311248,2.437693275216263,-1.4998407373898397,-1.3137512877040807,0.033841107999109846,-0.013043237576900717,0.9415101455337009,0.3350273111553959
2.437693275216263,-1.4998407373898397,-1.3137512877040807,0.033841107999109846,-0.013043237576900717,0.9415101455337009,0.3350273111553959,0.3296813094611901,0.48529022050761417,2.383063425785756,-1.455543927995345,-1.3100542328745786,0.03180442447217196,-0.012868438610312404,0.9471532354058214,0.31894142178778095
2.383063425785756,-1.455543927995345,-1.3100542328745786,0.03180442447217196,-0.012868438610312404,0.9471532354058214,0.31894142178778095,-0.8624197217114689,0.5562253851947174,2.552380267606095,-1.555586194182273,-1.3216146462556662,0.03461775608490894,-0.014679324101279319,0.9537378473663761,0.2982788073405926
2.552380267606095,-1.555586194182273,-1.3216146462556662,0.03461775608490894,-0.014679324101279319,0.9537378473663761,0.2982788073405926,-0.6485539064260606,-0.467163896716956,2.674978751371091,-1.6626362359550886,-1.3326090048131203,0.036938591247701914,-0.015354284002607198,0.9436665647730023,0.3284710047613393
2.674978751371091,-1.6626362359550886,-1.3326090048131203,0.036938591247701914,-0.015354284002607198,0.9436665647730023,0.3284710047613393,-0.5848878514664173,-0.10367913263783213,2.786246716579221,-1.7537982830125702,-1.342958370160382,0.039868144661976496,-0.016135609843898818,0.9387939027056275,0.34178382258221923
2.786246716579221,-1.7537982830125702,-1.342958370160382,0.039868144661976496,-0.016135609843898818,0.9387939027056275,0.34178382258221923,-0.08305201375228144,-0.9477013981480649,2.7864198015588473,-1.7468356549726356,-1.3270016504397353,0.03745881897383469,-0.044422320514800065,0.9321456942081059,0.3573904015085663
2.7864198015588473,-1.7468356549726356,-1.3270016504397353,0.03745881897383469,-0.044422320514800065,0.9321456942081059,0.3573904015085663,-0.6352836388138026,-0.11819750601006462,2.8985557683258776,-1.8500341375765637,-1.3538129152144998,0.04049255157884871,-0.015705069428927236,0.9332181904371398,0.3566756413018657
2.8985557683258776,-1.8500341375765637,-1.3538129152144998,0.04049255157884871,-0.015705069428927236,0.9332181904371398,0.3566756413018657,-0.03782869289989432,0.6257595175254607,2.9242708027928703,-1.8731803917375847,-1.3561319273189223,0.041048956652415224,-0.015907682374079603,0.9355043742465584,0.35056168439347285
2.9242708027928703,-1.8731803917375847,-1.3561319273189223,0.041048956652415224,-0.015907682374079603,0.9355043742465584,0.35056168439347285,0.9985273484609953,0.10226025000880834,2.7808019675002495,-1.752472165236996,-1.3425714761388636,0.040080612988171074,-0.01584730300010529,0.9365173497157792,0.3479621547402077
2.7808019675002495,-1.752472165236996,-1.3425714761388636,0.040080612988171074,-0.01584730300010529,0.9365173497157792,0.3479621547402077,-0.8925791210181866,0.12264109467029671,2.9198597048088306,-1.8722373169494264,-1.356176269372114,0.04025318263729899,-0.015913234841503216,0.938613392993897,0.342244574444843
2.9198597048088306,-1.8722373169494264,-1.356176269372114,0.04025318263729899,-0.015913234841503216,0.938613392993897,0.342244574444843,0.7363829750211288,-0.27649574553243306,2.7862070259521046,-1.749792766953109,-1.3427423283571465,0.04019612204434911,-0.01559024712155245,0.933560896822541,0.35581634011267343
2.7862070259521046,-1.749792766953109,-1.3427423283571465,0.04019612204434911,-0.01559024712155245,0.933560896822541,0.35581634011267343,-0.16338878381697697,0.22920490963540674,2.812434917642422,-1.7742570189295894,-1.3454384297180408,0.040108019218557146,-0.016156535732900684,0.9390957802724407,0.3409243737575406
2.812434917642422,-1.7742570189295894,-1.3454384297180408,0.040108019218557146,-0.016156535732900684,0.9390957802724407,0.3409243737575406,0.9552570404717358,0.9646009643363229,2.6839723231876014,-1.6706549939451327,-1.3331694708727186,0.03674179425917014,-0.015826393211394476,0.952057667821348,0.3032915478135039
2.6839723231876014,-1.6706549939451327,-1.3331694708727186,0.03674179425917014,-0.015826393211394476,0.952057667821348,0.3032915478135039,-0.5204303004952746,0.014929159915082257,2.788819231807173,-1.7431273732441797,-1.342428271746938,0.03914297632056836,-0.01755393186001617,0.9501838234749379,0.3087238061561973
2.788819231807173,-1.7431273732441797,-1.342428271746938,0.03914297632056836,-0.01755393186001617,0.9501838234749379,0.3087238061561973,0.1716429979137284,0.6598992529481928,2.7500280915773483,-1.715828269789668,-1.3390664404903405,0.03729850240653991,-0.017410059272597297,0.95800630524758,0.2837774315554968
2.7500280915773483,-1.715828269789668,-1.3390664404903405,0.03729850240653991,-0.017410059272597297,0.95800630524758,0.2837774315554968,-0.3691488667509002,0.49905129736649845,2.82645519642505,-1.7636315578994157,-1.3454212695684253,0.038184098724932614,-0.018638942741267057,0.9631360043735556,0.2656381024954715
2.82645519642505,-1.7636315578994157,-1.3454212695684253,0.038184098724932614,-0.018638942741267057,0.9631360043735556,0.2656381024954715,0.08780780173698055,0.7824041425144177,2.824877608337905,-1.757188645879412,-1.3449916905155515,0.03695226624010742,-0.019160853070997085,0.9710683843192602,0.23514587962559214
2.824877608337905,-1.757188645879412,-1.3449916905155515,0.03695226624010742,-0.019160853070997085,0.9710683843192602,0.23514587962559214,0.12415466619094717,-0.6680830057555136,2.8088918308354893,-1.7476734169582033,-1.3437357442495448,0.03779467925530269,-0.018425762760360252,0.9624324498209613,0.268245844363544
2.8088918308354893,-1.7476734169582033,-1.3437357442495448,0.03779467925530269,-0.018425762760360252,0.9624324498209613,0.268245844363544,-0.479972086237354,0.18346534149951688,2.930180595924849,-1.8170465698106595,-1.3538750979609875,0.03809108000710797,-0.01954281856200182,0.9692015143405155,0.24251922081887925
2.930180595924849,-1.8170465698106595,-1.3538750979609875,0.03809108000710797,-0.01954281856200182,0.9692015143405155,0.24251922081887925,0.8131716271651901,0.44598178169383007,2.78924467203032,-1.7417604236535975,-1.3423150708448124,0.036842530510662795,-0.018412197923348958,0.9680732777632209,0.2472604857108715
2.78924467203032,-1.7417604236535975,-1.3423150708448124,0.036842530510662795,-0.018412197923348958,0.9680732777632209,0.2472604857108715,-0.7565355536865495,0.32559402056496456,2.9895742566642007,-1.8478873993801255,-1.3585529602354554,0.0379838507332983,-0.01974087941387151,0.970157917880534,0.23866532872862936
2.9895742566642007,-1.8478873993801255,-1.3585529602354554,0.0379838507332983,-0.01974087941387151,0.970157917880534,0.23866532872862936,0.3496695998217352,0.2294501618375826,2.9337048096679204,-1.8187856116494496,-1.354099462389977,0.03795508415090028,-0.019875167261971353,0.9714502234030518,0.23334277954024552
2.9337048096679204,-1.8187856116494496,-1.354099462389977,0.03795508415090028,-0.019875167261971353,0.9714502234030518,0.23334277954024552,-0.2603997686912203,-0.4552943296142635,3.0131348205887227,-1.862209266425001,-1.3604726735789363,0.038200071367209605,-0.01955476119441216,0.9683416664101461,0.24591214479197887
3.0131348205887227,-1.862209266425001,-1.3604726735789363,0.038200071367209605,-0.01955476119441216,0.9683416664101461,0.24591214479197887,0.036653795365739095,0.008191988950123852,3.006489134952254,-1.8573557912120517,-1.3599064855418255,0.03810346978248099,-0.01961959940659095,0.9691840844515214,0.24258072337992315
3.006489134952254,-1.8573557912120517,-1.3599064855418255,0.03810346978248099,-0.01961959940659095,0.9691840844515214,0.24258072337992315,-0.12332270571557902,0.6435419752490379,3.0425138642110223,-1.871673790219087,-1.3626192482338877,0.03691922110409626,-0.021052370267707142,0.9791049484684117,0.1988649509185748
3.0425138642110223,-1.871673790219087,-1.3626192482338877,0.03691922110409626,-0.021052370267707142,0.9791049484684117,0.1988649509185748,0.9398200700041837,-0.9104510713601497,2.8970238779626167,-1.8107681650437046,-1.3517629005515879,0.03728891768865426,-0.02058544743617414,0.9764490635180094,0.21150177854160868
2.8970238779626167,-1.8107681650437046,-1.3517629005515879,0.03728891768865426,-0.02058544743617414,0.9764490635180094,0.21150177854160868,0.11408542230811247,-0.06797809507252905,2.8627792852065688,-1.7948427047541555,-1.3490874368762942,0.03738522214533927,-0.01984742364280356,0.9730546328136989,0.2266563621425274
2.8627792852065688,-1.7948427047541555,-1.3490874368762942,0.03738522214533927,-0.01984742364280356,0.9730546328136989,0.2266563621425274,0.6002714106655995,0.9542553487725667,2.7218183782118848,-1.750345826016644,-1.3389097987406533,0.034117382690872194,-0.019589322033605056,0.9861863846431479,0.16089958795803502
2.7218183782118848,-1.750345826016644,-1.3389097987406533,0.034117382690872194,-0.019589322033605056,0.9861863846431479,0.16089958795803502,0.47242219276998454,-0.15044080301515872,2.6115087429327213,-1.7123826595298168,-1.3312252853682545,0.03361737561560682,-0.01819580769488563,0.9853647174369252,0.16611790472281607
2.6115087429327213,-1.7123826595298168,-1.3312252853682545,0.03361737561560682,-0.01819580769488563,0.9853647174369252,0.16611790472281607,0.3993404866774768,-0.3280827343119408,2.5069788481082402,-1.6691102889396245,-1.3238953668054692,0.03391236196183901,-0.015951525242393932,0.9755550077316775,0.21653620352785613
2.5069788481082402,-1.6691102889396245,-1.3238953668054692,0.03391236196183901,-0.015951525242393932,0.9755550077316775,0.21653620352785613,0.4264419953890801,-0.735157728832204,2.4399432404265466,-1.647199543027189,-1.3194582068011123,0.03361635466378485,-0.01522568998844483,0.9740298136129016,0.22339212442857193
2.4399432404265466,-1.647199543027189,-1.3194582068011123,0.03361635466378485,-0.01522568998844483,0.9740298136129016,0.22339212442857193,0.5290201002192167,-0.5314285583764726,2.3240787329260364,-1.5734840432674666,-1.3117035612946648,0.031338109974231164,-0.013018496668851971,0.9599932062150642,0.277959503576775
2.3240787329260364,-1.5734840432674666,-1.3117035612946648,0.031338109974231164,-0.013018496668851971,0.9599932062150642,0.277959503576775,-0.866798557773141,-0.9508368851668869,2.4718517248358127,-1.6892147256983339,-1.3232851670611145,0.03660403427973537,-0.013024839515275074,0.9310102254519501,0.3629193551382432
2.4718517248358127,-1.6892147256983339,-1.3232851670611145,0.03660403427973537,-0.013024839515275074,0.9310102254519501,0.3629193551382432,0.6461037685427191,0.3392974010122012,2.3486907615755,-1.5912019072501857,-1.3135178050423546,0.03345510642608096,-0.011613996983789085,0.9354854243554348,0.3515862507929062
2.3486907615755,-1.5912019072501857,-1.3135178050423546,0.03345510642608096,-0.011613996983789085,0.9354854243554348,0.3515862507929062,-0.5453392641548975,0.8816709704169488,2.4656106912969693,-1.6910476427157382,-1.3230470824443261,0.03705017090590269,-0.011765492752392475,0.9193655808631472,0.39147897356091116
2.4656106912969693,-1.6910476427157382,-1.3230470824443261,0.03705017090590269,-0.011765492752392475,0.9193655808631472,0.39147897356091116,-0.032131658269756835,0.36721416350827885,2.483515412061509,-1.7092219308987107,-1.3246787807475047,0.03716716271381588,-0.012120759738955635,0.9192439903065536,0.39174248618759777
2.483515412061509,-1.7092219308987107,-1.3246787807475047,0.03716716271381588,-0.012120759738955635,0.9192439903065536,0.39174248618759777,0.39450796780991904,0.3575613521574137,2.4242114682885254,-1.6469992111574854,-1.3190304784849074,0.036164711280676,-0.011697129113764143,0.922103264463942,0.38507253926166024
2.4242114682885254,-1.6469992111574854,-1.3190304784849074,0.036164711280676,-0.011697129113764143,0.922103264463942,0.38507253926166024,-0.971949943791834,0.6860941229228401,2.585357781797735,-1.7707878751079644,-1.3326196870829872,0.03784989410289443,-0.014206277346184749,0.9408293662452583,0.3364605040876398
2.585357781797735,-1.7707878751079644,-1.3326196870829872,0.03784989410289443,-0.014206277346184749,0.9408293662452583,0.3364605040876398,0.9189451568475022,0.3922231729412242,2.462637407056981,-1.6768064677372672,-1.3220719615211587,0.0359933013912199,-0.013415573218676516,0.9433629342600226,0.3295313018735787
2.462637407056981,-1.6768064677372672,-1.3220719615211587,0.0359933013912199,-0.013415573218676516,0.9433629342600226,0.3295313018735787,0.7827708961177522,0.3546343801867724,2.304972022428696,-1.5704329840488183,-1.310661818919288,0.0316363788047352,-0.012028314477490271,0.9510561296251763,0.3071590752189065
2.304972022428696,-1.5704329840488183,-1.310661818919288,0.0316363788047352,-0.012028314477490271,0.9510561296251763,0.3071590752189065,-0.43076096478127934,-0.0917422728098487,2.387724607163303,-1.6367449133478107,-1.3169055138070094,0.034342179635525605,-0.012743567370533431,0.9466246273149658,0.32024995105285525
2.387724607163303,-1.6367449133478107,-1.3169055138070094,0.034342179635525605,-0.012743567370533431,0.9466246273149658,0.32024995105285525,-0.12168578110615891,0.9037216384425228,2.392218395357705,-1.6774223249915894,-1.3183307357535718,0.034161949898108376,-0.013942474509322619,0.9670298668688733,0.251975802741623
2.392218395357705,-1.6774223249915894,-1.3183307357535718,0.034161949898108376,-0.013942474509322619,0.9670298668688733,0.251975802741623,0.09096072415066758,0.010264521536824667,2.3770306924111955,-1.668807390249931,-1.3174982153417727,0.033593192180908546,-0.013962584509154424,0.9673190970004754,0.25093885361001017
2.3770306924111955,-1.668807390249931,-1.3174982153417727,0.033593192180908546,-0.013962584509154424,0.9673190970004754,0.25093885361001017,-0.5149388625460469,-0.7717813245559604,2.4788626597920644,-1.72355920726071,-1.3246896467810954,0.03557139822603242,-0.014305107581837593,0.9600877293201948,0.27705882323815184
2.4788626597920644,-1.72355920726071,-1.3246896467810954,0.03557139822603242,-0.014305107581837593,0.9600877293201948,0.27705882323815184,-0.9079044051472871,-0.7781098836616525,2.625971541429908,-1.8426696822770017,-1.3382852494386255,0.039181487757487005,-0.015133331393019013,0.942501990045631,0.3315505874796247
2.625971541429908,-1.8426696822770017,-1.3382852494386255,0.039181487757487005,-0.015133331393019013,0.942501990045631,0.3315505874796247,0.17380170616940105,-0.6670601850578455,2.5892514969420266,-1.813591421484711,-1.3348022437711298,0.03914892244775111,-0.013173905450451035,0.9264097851740902,0.3742441983786234
2.5892514969420266,-1.813591421484711,-1.3348022437711298,0.03914892244775111,-0.013173905450451035,0.9264097851740902,0.3742441983786234,0.8903980531793803,-0.2817331135189167,2.4632300866173424,-1.6863999548081672,-1.3225840888457734,0.03699107598373329,-0.0121458610797284,0.921044970484918,0.3875052266752467
2.4632300866173424,-1.6863999548081672,-1.3225840888457734,0.03699107598373329,-0.0121458610797284,0.921044970484918,0.3875052266752467,0.14397217830060516,-0.9776308421679645,2.447874272464865,-1.6481127531827984,-1.3129279203690971,0.04897989749074899,-0.017739046633936464,0.8914312630206721,0.45015175127470536
2.447874272464865,-1.6481127531827984,-1.3129279203690971,0.04897989749074899,-0.017739046633936464,0.8914312630206721,0.45015175127470536,0.21721540943551365,0.9473981204449917,2.411642991960213,-1.6091421716980858,-1.3170489201021365,0.03523096081506817,-0.011215148315234128,0.9205800252128371,0.3887999704571062
2.411642991960213,-1.6091421716980858,-1.3170489201021365,0.03523096081506817,-0.011215148315234128,0.9205800252128371,0.3887999704571062,0.2918040859812523,-0.9434984543630882,2.363952272695416,-1.5289954208174295,-1.3116841239122639,0.03158367015046196,-0.009813656315699817,0.9026496489182823,0.42910345516815174
2.363952272695416,-1.5289954208174295,-1.3116841239122639,0.03158367015046196,-0.009813656315699817,0.9026496489182823,0.42910345516815174,-0.7012247455713807,0.00812515229694255,2.473710133535881,-1.6619230578590818,-1.32219862098651,0.03693846583845441,-0.010657083141846744,0.90370063687323,0.4264353822507318
2.473710133535881,-1.6619230578590818,-1.32219862098651,0.03693846583845441,-0.010657083141846744,0.90370063687323,0.4264353822507318,0.5217517557452822,0.5179297651988659,2.387500902902214,-1.5681142094148532,-1.3143127753362092,0.03381152569108449,-0.010633498140029998,0.9173584078916505,0.3964810978069992
2.387500902902214,-1.5681142094148532,-1.3143127753362092,0.03381152569108449,-0.010633498140029998,0.9173584078916505,0.3964810978069992,0.8021938915029674,-0.039749317710429555,2.2638057707724997,-1.4361223011360396,-1.3040783853683036,0.028806541447618853,-0.00944266265414632,0.9170767906993242,0.3975565107660224
2.2638057707724997,-1.4361223011360396,-1.3040783853683036,0.028806541447618853,-0.00944266265414632,0.9170767906993242,0.3975565107660224,-0.8174710411774146,0.10079987983776739,2.39363740790115,-1.5694886365589553,-1.3147409757731832,0.03421751637652641,-0.010898380241153983,0.922066390730857,0.3853621127792817
2.39363740790115,-1.5694886365589553,-1.3147409757731832,0.03421751637652641,-0.010898380241153983,0.922066390730857,0.3853621127792817,-0.32304791647000997,0.41653400499160775,2.445547890138067,-1.6219841656086125,-1.3191968843014454,0.035534006257040146,-0.012965552586996823,0.9325430544994657,0.3590719709894451
2.445547890138067,-1.6219841656086125,-1.3191968843014454,0.035534006257040146,-0.012965552586996823,0.9325430544994657,0.3590719709894451,-0.2756375663536177,-0.4155769977535446,2.4938147002840894,-1.669113339203709,-1.3236095986518148,0.036657267412120144,-0.012230958556116629,0.9190984729102333,0.39212835333950546
2.4938147002840894,-1.669113339203709,-1.3236095986518148,0.036657267412120144,-0.012230958556116629,0.9190984729102333,0.39212835333950546,-0.15311888903610837,0.25280409734307585,2.53192432751098,-1.7049467367335933,-1.3267489109915698,0.037643531058212096,-0.012361398033099302,0.9189017413053985,0.3924917199560306
2.53192432751098,-1.7049467367335933,-1.3267489109915698,0.037643531058212096,-0.012361398033099302,0.9189017413053985,0.3924917199560306,0.5352745183524878,-0.6633126644790528,2.447551045186123,-1.6063446591035453,-1.318491055002239,0.0356617775081381,-0.009765401914309297,0.8928790163613994,0.4487760429121769
2.447551045186123,-1.6063446591035453,-1.318491055002239,0.0356617775081381,-0.009765401914309297,0.8928790163613994,0.4487760429121769,-0.6561034747723027,0.31870073659592135,2.549070009935408,-1.7338308024650702,-1.3291622354306192,0.038414997509178234,-0.01125434599797641,0.9026481483124273,0.4285136497367077
2.549070009935408,-1.7338308024650702,-1.3291622354306192,0.038414997509178234,-0.01125434599797641,0.9026481483124273,0.4285136497367077,0.825146620533461,0.6885609848819034,2.4260290547857264,-1.605708568598408,-1.3175378318174484,0.03560358638477493,-0.011087732811488695,0.9162002822233146,0.39898181621668116
2.4260290547857264,-1.605708568598408,-1.3175378318174484,0.03560358638477493,-0.011087732811488695,0.9162002822233146,0.39898181621668116,0.12712605679043576,-0.35345368731584004,2.402597105314991,-1.5722887246562025,-1.3152099498050571,0.034439883119581634,-0.010237822376345209,0.9115455908974429,0.4096263140462679
2.402597105314991,-1.5722887246562025,-1.3152099498050571,0.034439883119581634,-0.010237822376345209,0.9115455908974429,0.4096263140462679,0.24940242456832884,-0.6707437728907997,2.3677034124392806,-1.517547426970551,-1.3114066664782422,0.030945220684047973,-0.00903229232311944,0.8896222512774627,0.4555579667223747
2.3677034124392806,-1.517547426970551,-1.3114066664782422,0.030945220684047973,-0.00903229232311944,0.8896222512774627,0.4555579667223747,-0.3636938566223189,0.8524839260527475,2.4323426607301952,-1.578601741908695,-1.3167458942226264,0.035342816793433415,-0.01096546036363995,0.9137040866625858,0.4046918407828469
2.4323426607301952,-1.578601741908695,-1.3167458942226264,0.035342816793433415,-0.01096546036363995,0.9137040866625858,0.4046918407828469,-0.40898230432134164,0.08064240893315411,2.5033166003866314,-1.6536682903424063,-1.3233310619491767,0.03686201296937296,-0.012251005199758797,0.9167186038941911,0.3976406746620955
2.5033166003866314,-1.6536682903424063,-1.3233310619491767,0.03686201296937296,-0.012251005199758797,0.9167186038941911,0.3976406746620955,0.9272933956109317,-0.4991425206227291,2.386107369224205,-1.4992601511988894,-1.3115301184759598,0.031523432721101016,-0.009966003796536753,0.9024999418637878,0.42941915059026553
2.386107369224205,-1.4992601511988894,-1.3115301184759598,0.031523432721101016,-0.009966003796536753,0.9024999418637878,0.42941915059026553,-0.5039080105474882,-0.6528917309748632,2.4641987428681844,-1.5936524106374033,-1.3187921826146891,0.035602978910638725,-0.009020885110692694,0.8803646095492078,0.47287335067413044
2.4641987428681844,-1.5936524106374033,-1.3187921826146891,0.035602978910638725,-0.009020885110692694,0.8803646095492078,0.47287335067413044,-0.0764480583428615,0.504000977556138,2.4730890863907886,-1.6119609093740896,-1.3201288936187654,0.036378993361010116,-0.010434527225405747,0.9013259397323559,0.4314849242432552
2.4730890863907886,-1.6119609093740896,-1.3201288936187654,0.036378993361010116,-0.010434527225405747,0.9013259397323559,0.4314849242432552,-0.9732916476870734,-0.8192841972095377,2.5670562751116544,-1.7678995676415,-1.3314989540667512,0.039193999676764735,-0.009741006874362843,0.8793727706817214,0.474418036501527
2.5670562751116544,-1.7678995676415,-1.3314989540667512,0.039193999676764735,-0.009741006874362843,0.8793727706817214,0.474418036501527,0.4699018663719339,-0.9276874461099089,2.5095804677378593,-1.6552285391182389,-1.323637420028719,0.03651214641005318,-0.007040109563285574,0.8454514326687537,0.5327562059893997
2.5095804677378593,-1.6552285391182389,-1.323637420028719,0.03651214641005318,-0.007040109563285574,0.8454514326687537,0.5327562059893997,0.04125182764878632,0.23577884620133194,2.4972572346307746,-1.6424964400045332,-1.322501183039196,0.0371681070286063,-0.007960725310524882,0.863517285926364,0.502884733889195
2.4972572346307746,-1.6424964400045332,-1.322501183039196,0.0371681070286063,-0.007960725310524882,0.863517285926364,0.502884733889195,-0.2145705444870707,-0.21614318336384297,2.5246559203013224,-1.6823393683456755,-1.3254206018064842,0.038703382531791175,-0.007971768282088622,0.8587903009289323,0.5108010553253082
2.5246559203013224,-1.6823393683456755,-1.3254206018064842,0.038703382531791175,-0.007971768282088622,0.8587903009289323,0.5108010553253082,-0.1680757296883988,-0.2655057385321795,2.546268572396853,-1.7179920029820865,-1.3282409794527712,0.037758106439215816,-0.007614607549505522,0.8498425233583121,0.5256272715926834
2.546268572396853,-1.7179920029820865,-1.3282409794527712,0.037758106439215816,-0.007614607549505522,0.8498425233583121,0.5256272715926834,0.4774269525294137,0.31618984532139516,2.48852446448067,-1.614568455142718,-1.3208979070550317,0.03593908610258081,-0.007955781204967005,0.8624878410209852,0.5047373690608706
2.48852446448067,-1.614568455142718,-1.3208979070550317,0.03593908610258081,-0.007955781204967005,0.8624878410209852,0.5047373690608706,0.781068326941269,0.9749860413144456,2.387836152540192,-1.462350921023492,-1.3102549299603696,0.03034598201652777,-0.009502321946942208,0.8957986515567169,0.44332110610959746
2.387836152540192,-1.462350921023492,-1.3102549299603696,0.03034598201652777,-0.009502321946942208,0.8957986515567169,0.44332110610959746,-0.946487705424119,-0.16294903517341242,2.496412429074206,-1.615478172436435,-1.3213740862780767,0.036808800774300154,-0.009893380951152095,0.8898197856647521,0.45471747518480965
2.496412429074206,-1.615478172436435,-1.3213740862780767,0.036808800774300154,-0.009893380951152095,0.8898197856647521,0.45471747518480965,0.41813721366288936,-0.3229751442082145,2.444293882668606,-1.5271687515966172,-1.3152328861314253,0.033037005055872655,-0.008608799249432779,0.875570421912319,0.4818826425019945
2.444293882668606,-1.5271687515966172,-1.3152328861314253,0.033037005055872655,-0.008608799249432779,0.875570421912319,0.4818826425019945,0.5928293494422021,0.4457084766014745,2.3680296492065853,-1.4122184661605475,-1.307168505776194,0.03159100959097185,-0.008324930301005697,0.887779607003158,0.4591079100144377
2.3680296492065853,-1.4122184661605475,-1.307168505776194,0.03159100959097185,-0.008324930301005697,0.887779607003158,0.4591079100144377,-0.3405083697574214,0.052867006887205914,2.418263121340989,-1.480075354616427,-1.31222696539952,0.031498063706258565,-0.009669103887617941,0.893202938320736,0.4484449703006719
2.418263121340989,-1.480075354616427,-1.31222696539952,0.031498063706258565,-0.009669103887617941,0.893202938320736,0.4484449703006719,0.16553018310313705,-0.19943746031079845,2.3921236336401366,-1.443945014082073,-1.3095054172332492,0.031116864575006318,-0.009101359286726507,0.8895239405720219,0.4557368376018958
2.3921236336401366,-1.443945014082073,-1.3095054172332492,0.031116864575006318,-0.009101359286726507,0.8895239405720219,0.4557368376018958,-0.03249977748923505,-0.1296582159318065,2.3953976765124345,-1.448500409765892,-1.3097598361063882,0.03173363482426319,-0.009031953458838336,0.8883773682217977,0.4579269066880327
2.3953976765124345,-1.448500409765892,-1.3097598361063882,0.03173363482426319,-0.009031953458838336,0.8883773682217977,0.4579269066880327,-0.9321566480770551,0.21860354456780495,2.5091943710355302,-1.5967545285959206,-1.3212123481785076,0.03675881804213787,-0.010209140513489765,0.8909816788458338,0.4524336533760285
2.5091943710355302,-1.5967545285959206,-1.3212123481785076,0.03675881804213787,-0.010209140513489765,0.8909816788458338,0.4524336533760285,0.8662543981713322,0.009550796359636626,2.4018037026822023,-1.4449179562612866,-1.3100839992806912,0.030134057453878246,-0.009546216505228664,0.8915416008251895,0.4518344634153754
2.4018037026822023,-1.4449179562612866,-1.3100839992806912,0.030134057453878246,-0.009546216505228664,0.8915416008251895,0.4518344634153754,0.5881541140252573,0.09408671760822274,2.3117337320987787,-1.327968634263972,-1.3025542552473222,0.027167658700747492,-0.009465762419456005,0.8960801341071881,0.4429590397779255
2.3117337320987787,-1.327968634263972,-1.3025542552473222,0.027167658700747492,-0.009465762419456005,0.8960801341071881,0.4429590397779255,-0.8654829411378588,-0.32467892543806776,2.416326287760028,-1.4698916442997114,-1.311812416773993,0.03129971927118888,-0.009639674158535878,0.894443728157544,0.4459796199551002
2.416326287760028,-1.4698916442997114,-1.311812416773993,0.03129971927118888,-0.009639674158535878,0.894443728157544,0.4459796199551002,-0.21991264799365284,0.9187685155865719,2.447474920110374,-1.5080236489381573,-1.3146876938351428,0.03461058061994721,-0.011904362984381989,0.921715614165937,0.3861356244298055
2.447474920110374,-1.5080236489381573,-1.3146876938351428,0.03461058061994721,-0.011904362984381989,0.921715614165937,0.3861356244298055,0.511584748998126,0.09433539840925875,2.352932181895992,-1.4150197373524196,-1.3071796245841305,0.029874896107695108,-0.01104093057291209,0.9285678828130095,0.3697935578708798
2.352932181895992,-1.4150197373524196,-1.3071796245841305,0.029874896107695108,-0.01104093057291209,0.9285678828130095,0.3697935578708798,0.3588848916090559,0.5691501937608292,2.302982357503827,-1.3674414593949182,-1.30338597784724,0.029188426150449694,-0.010688627598465252,0.9319597919465056,0.3612267088878493
2.302982357503827,-1.3674414593949182,-1.30338597784724,0.029188426150449694,-0.010688627598465252,0.9319597919465056,0.3612267088878493,-0.8851682640932588,0.7379136680343434,2.447943019598106,-1.4862204553678993,-1.3137863218991284,0.033014857209015765,-0.013580390349923076,0.9510762760692875,0.3068868020941737
2.447943019598106,-1.4862204553678993,-1.3137863218991284,0.033014857209015765,-0.013580390349923076,0.9510762760692875,0.3068868020941737,0.6371811848006641,-0.1491839771803385,2.323902329752518,-1.3962389825580577,-1.3054953235077986,0.029331909368207412,-0.011967460877331977,0.9491206231194519,0.31331527530956443
2.323902329752518,-1.3962389825580577,-1.3054953235077986,0.029331909368207412,-0.011967460877331977,0.9491206231194519,0.31331527530956443,-0.06228996304742651,-0.7248838875255597,2.334742324225384,-1.4118677805176465,-1.3062847613292177,0.028932828978375083,-0.010939947974161993,0.927557837014194,0.3723971911000143
2.334742324225384,-1.4118677805176465,-1.3062847613292177,0.028932828978375083,-0.010939947974161993,0.927557837014194,0.3723971911000143,0.7872988816829112,0.919629093628588,2.200848241087367,-1.304036425063803,-1.2986020774388187,0.025659410974976062,-0.010182256686555488,0.9417965513350125,0.33504801472425355
2.200848241087367,-1.304036425063803,-1.2986020774388187,0.025659410974976062,-0.010182256686555488,0.9417965513350125,0.33504801472425355,0.47077125239601414,0.48823135765992065,2.1008042211153417,-1.2387589081401194,-1.2939079303879626,0.021753384715426316,-0.0088823324484632,0.9505450910396341,0.3096965035710788
2.1008042211153417,-1.2387589081401194,-1.2939079303879626,0.021753384715426316,-0.0088823324484632,0.9505450910396341,0.3096965035710788,-0.6997063678278053,0.2570837376778956,2.2403858218696358,-1.336463601555796,-1.3007990658070498,0.026856335298874205,-0.011295669127827639,0.9534718882782497,0.3000708305990071
2.2403858218696358,-1.336463601555796,-1.3007990658070498,0.026856335298874205,-0.011295669127827639,0.9534718882782497,0.3000708305990071,0.8785969384409453,-0.9818628612208888,2.103426596181631,-1.2130717243662241,-1.293393741277538,0.02204494526266736,-0.007951043572235476,0.9320052524034561,0.3616863431024851
2.103426596181631,-1.2130717243662241,-1.293393741277538,0.02204494526266736,-0.007951043572235476,0.9320052524034561,0.3616863431024851,0.6781739144075443,0.8594170078964645,1.976880437239345,-1.1028725571643527,-1.2878356424853297,0.016670148228592935,-0.0064558682170768565,0.9532762066957394,0.30157072416165065
1.976880437239345,-1.1028725571643527,-1.2878356424853297,0.016670148228592935,-0.0064558682170768565,0.9532762066957394,0.30157072416165065,-0.11801457471642518,0.8479571609471512,1.9868839758502856,-1.1257164175642458,-1.2758540104358116,0.02785597033385592,0.014032507389759556,0.9651451672622453,0.2598498407993515
1.9868839758502856,-1.1257164175642458,-1.2758540104358116,0.02785597033385592,0.014032507389759556,0.9651451672622453,0.2598498407993515,0.6630944221435802,-0.8341618661477832,1.865288604114246,-1.057743032724491,-1.2844839824417844,0.017783524961784064,-0.007489930492622073,0.9589396770592825,0.2829528988057698
1.865288604114246,-1.057743032724491,-1.2844839824417844,0.017783524961784064,-0.007489930492622073,0.9589396770592825,0.2829528988057698,-0.7889278290468049,0.22379858408735998,2.0265209771726442,-1.1563683386000199,-1.2899852888077015,0.017436858502506026,-0.007387546682763649,0.9622901558695617,0.27136513415711366
2.0265209771726442,-1.1563683386000199,-1.2899852888077015,0.017436858502506026,-0.007387546682763649,0.9622901558695617,0.27136513415711366,-0.5418614794393362,-0.9556131447965341,2.1313087118218554,-1.2307081495576195,-1.2946211255860736,0.02217803927414461,-0.008431341284619887,0.9397251057112082,0.3411066882284126
2.1313087118218554,-1.2307081495576195,-1.2946211255860736,0.02217803927414461,-0.008431341284619887,0.9397251057112082,0.3411066882284126,0.21437576557429194,0.9992165902495462,2.07850231955039,-1.1907324108384516,-1.2921980146143555,0.02045140870756338,-0.00934615426261564,0.9539104060887258,0.29924793472640354
2.07850231955039,-1.1907324108384516,-1.2921980146143555,0.02045140870756338,-0.00934615426261564,0.9539104060887258,0.29924793472640354,0.5189096592466449,-0.25669540269879,1.9751584435349974,-1.1079344844890069,-1.28797395772764,0.016877146697507617,-0.006540581276802124,0.9486919092941613,0.31568345530881314
1.9751584435349974,-1.1079344844890069,-1.28797395772764,0.016877146697507617,-0.006540581276802124,0.9486919092941613,0.31568345530881314,-0.6304617353235931,0.21724229830996844,2.104335367091281,-1.1918132919738686,-1.2926319043843164,0.021344817749398736,-0.009557038507860691,0.9525292940622141,0.3035473698181956
2.104335367091281,-1.1918132919738686,-1.2926319043843164,0.021344817749398736,-0.009557038507860691,0.9525292940622141,0.3035473698181956,0.09288254246361682,-0.8885773388349019,2.085382615580854,-1.1740349771971177,-1.291975579743343,0.021506228682671425,-0.007942866581176301,0.9255158661663798,0.378014251679243
2.085382615580854,-1.1740349771971177,-1.291975579743343,0.021506228682671425,-0.007942866581176301,0.9255158661663798,0.378014251679243,0.7472503147322138,0.06292223256227136,1.9519306141534674,-1.0416503324672808,-1.286301463975997,0.016398013690366395,-0.005485456810022444,0.9283167222158761,0.37138804257133523
1.9519306141534674,-1.0416503324672808,-1.286301463975997,0.016398013690366395,-0.005485456810022444,0.9283167222158761,0.37138804257133523,0.6798373079241,-0.03219457988755048,1.8325035841633945,-0.9247318379966858,-1.2828387903194962,0.015148751851527038,-0.005107968869674151,0.923866453663986,0.38238096156280776
1.8325035841633945,-0.9247318379966858,-1.2828387903194962,0.015148751851527038,-0.005107968869674151,0.923866453663986,0.38238096156280776,0.12608666482256625,-0.9522531967017724,1.8372352041892797,-0.9282721158657739,-1.2828522469540402,0.015480306256614996,-0.005235173330402994,0.9189582469078176,0.39401610819674965
1.8372352041892797,-0.9282721158657739,-1.2828522469540402,0.015480306256614996,-0.005235173330402994,0.9189582469078176,0.39401610819674965,0.2771511731029954,0.19744259048770463,1.7894760924124362,-0.880131930944192,-1.2820476115865125,0.013566837862258275,-0.00403580470014603,0.9247297955782892,0.3803609579867223
1.7894760924124362,-0.880131930944192,-1.2820476115865125,0.013566837862258275,-0.00403580470014603,0.9247297955782892,0.3803609579867223,0.39862526023130096,-0.7037798735983092,1.720509587718594,-0.7966726476827891,-1.2810616634816347,0.010481676298782178,-0.0026023954630201482,0.90442756256179,0.4264904993998825
1.720509587718594,-0.7966726476827891,-1.2810616634816347,0.010481676298782178,-0.0026023954630201482,0.90442756256179,0.4264904993998825,0.10094339358973992,-0.8477672031155281,1.7043509154993532,-0.7742289369636901,-1.2805315717159071,0.008024576805077706,-0.0019017770125553564,0.8726349981815962,0.48830333744497345
1.7043509154993532,-0.7742289369636901,-1.2805315717159071,0.008024576805077706,-0.0019017770125553564,0.8726349981815962,0.48830333744497345,0.13846730039165722,0.18503906909539314,1.6885963095970733,-0.7473615134763499,-1.2800889469907368,0.00928816305088509,-0.001636222429927652,0.8773754087807805,0.4797118352407603
1.6885963095970733,-0.7473615134763499,-1.2800889469907368,0.00928816305088509,-0.001636222429927652,0.8773754087807805,0.4797118352407603,-0.19414569403378268,-0.08631839678810138,1.7150607393459516,-0.788434146388339,-1.2807368611227337,0.008514653727272703,-0.002158792156168456,0.8764819928050535,0.48135450198041496
1.7150607393459516,-0.788434146388339,-1.2807368611227337,0.008514653727272703,-0.002158792156168456,0.8764819928050535,0.48135450198041496,-0.8176414227423192,0.6342450642425781,1.815845579452516,-0.9361288727697515,-1.2830432399362532,0.014941022198849836,-0.0038012855513694225,0.8924100916598561,0.45096179925516716
1.815845579452516,-0.9361288727697515,-1.2830432399362532,0.014941022198849836,-0.0038012855513694225,0.8924100916598561,0.45096179925516716,0.6590258331234187,-0.8549460667614346,1.7369134827065777,-0.7838669939469932,-1.2808264009030608,0.00826461970049349,-0.0021071831946333107,0.8532586887363045,0.5214181296581393
1.7369134827065777,-0.7838669939469932,-1.2808264009030608,0.00826461970049349,-0.0021071831946333107,0.8532586887363045,0.5214181296581393,-0.6866014206808961,0.24882548977999353,1.8110688224983125,-0.9325547302019228,-1.2827906840135377,0.013813648855735355,-0.003085762738718664,0.8588958903304702,0.511954598325906
1.8110688224983125,-0.9325547302019228,-1.2827906840135377,0.013813648855735355,-0.003085762738718664,0.8588958903304702,0.511954598325906,0.8447727084666021,0.7415146630284397,1.7026350128635386,-0.7719077908514678,-1.2805960622552741,0.008529836835040716,-0.0022708575332808165,0.8875332365715116,0.4606591354467294
1.7026350128635386,-0.7719077908514678,-1.2805960622552741,0.008529836835040716,-0.0022708575332808165,0.8875332365715116,0.4606591354467294,-0.2477684310441457,0.5217405341774624,1.7421237377861305,-0.8127049866493343,-1.2813204111695677,0.01122641369645866,-0.00294620381828911,0.9038800448481612,0.4276285210832682
1.7421237377861305,-0.8127049866493343,-1.2813204111695677,0.01122641369645866,-0.00294620381828911,0.9038800448481612,0.4276285210832682,-0.3135602277588554,-0.9133602006006085,1.7775905201559854,-0.8498618923972264,-1.2632842302790985,0.006603638119898601,-0.03635219747035473,0.8952727579640175,0.44398378185487763
1.7775905201559854,-0.8498618923972264,-1.2632842302790985,0.006603638119898601,-0.03635219747035473,0.8952727579640175,0.44398378185487763,0.24668010194029266,-0.823803602342914,1.7524732311021407,-0.8115192111807983,-1.2810386682731623,0.008659164184928406,-0.002219591546410787,0.8401369003511908,0.5423007292612455
1.7524732311021407,-0.8115192111807983,-1.2810386682731623,0.008659164184928406,-0.002219591546410787,0.8401369003511908,0.5423007292612455,-0.6844103889599238,0.022054884896577365,1.8208001148677622,-0.966314384058298,-1.2831532229288523,0.01472406737798183,-0.00293327485009938,0.8403510294632213,0.5418346103919596
1.8208001148677622,-0.966314384058298,-1.2831532229288523,0.01472406737798183,-0.00293327485009938,0.8403510294632213,0.5418346103919596,-0.809683321284637,-0.01501564931717514,1.8996797767191753,-1.1388683020826005,-1.2870068567306756,0.018096889763928356,-0.0037995088742220767,0.8397521647373627,0.5426549254656222
1.8996797767191753,-1.1388683020826005,-1.2870068567306756,0.018096889763928356,-0.0037995088742220767,0.8397521647373627,0.5426549254656222,-0.0869944656908963,0.8102570482027209,1.9085785464839533,-1.1567921431935608,-1.2874473049948316,0.019226531386122316,-0.0047662821846671385,0.8723189806968034,0.4885357908701108
1.9085785464839533,-1.1567921431935608,-1.2874473049948316,0.019226531386122316,-0.0047662821846671385,0.8723189806968034,0.4885357908701108,0.47569097630056345,0.37593245762642513,1.8397221827835148,-1.0538006976698593,-1.2848026675495434,0.0160476124335345,-0.004335127423076024,0.8825802596582814,0.46986781765399666
1.8397221827835148,-1.0538006976698593,-1.2848026675495434,0.0160476124335345,-0.004335127423076024,0.8825802596582814,0.46986781765399666,-0.2921212133244746,-0.4782018983289831,1.877580617368671,-1.1143586417630258,-1.2862146978233198,0.018028039850902258,-0.0041378499270951835,0.8622150389395326,0.5062045975725779
1.877580617368671,-1.1143586417630258,-1.2862146978233198,0.018028039850902258,-0.0041378499270951835,0.8622150389395326,0.5062045975725779,-0.9917496488501147,0.44089859799396613,1.9689034539692436,-1.2640023315839877,-1.2907959705375318,0.02152863107338116,-0.005524129776253209,0.874895209130747,0.4838019998660483
1.9689034539692436,-1.2640023315839877,-1.2907959705375318,0.02152863107338116,-0.005524129776253209,0.874895209130747,0.4838019998660483,0.6450836832844851,0.20529253722534957,1.8789900015988885,-1.1329204517827962,-1.2863769157715856,0.018554079347835657,-0.004813801303460279,0.8840670809427099,0.4669667759594905
1.8789900015988885,-1.1329204517827962,-1.2863769157715856,0.018554079347835657,-0.004813801303460279,0.8840670809427099,0.4669667759594905,-0.5156384381534311,0.5191574266982413,1.9625544966660222,-1.2298167594010436,-1.2903354585745048,0.021331651512081575,-0.005901915524733334,0.9058704645458197,0.42297615712998166
1.9625544966660222,-1.2298167594010436,-1.2903354585745048,0.021331651512081575,-0.005901915524733334,0.9058704645458197,0.42297615712998166,-0.0609951830408304,-0.31873818173560253,1.9701976294896637,-1.2368541602499257,-1.2904629744211462,0.02126614699728526,-0.006271613662237714,0.9024452904403485,0.4302335593790848
1.9701976294896637,-1.2368541602499257,-1.2904629744211462,0.02126614699728526,-0.006271613662237714,0.9024452904403485,0.4302335593790848,-0.7802334224509633,0.6026977247353047,2.088680569585697,-1.3716648209635327,-1.2966871166263678,0.025106950923644906,-0.007591327165471221,0.920462162634196,0.38995053522974366
2.088680569585697,-1.3716648209635327,-1.2966871166263678,0.025106950923644906,-0.007591327165471221,0.920462162634196,0.38995053522974366,-0.5806770225803424,-0.8365142990067425,2.1755041392447403,-1.4693362589286227,-1.3021362831270624,0.02691613676243254,-0.008377824583334527,0.911029862038792,0.4113756484171331
2.1755041392447403,-1.4693362589286227,-1.3021362831270624,0.02691613676243254,-0.008377824583334527,0.911029862038792,0.4113756484171331,0.7692102425927236,0.4909199110577924,2.046396821575776,-1.340786936892924,-1.2946819844326913,0.02312702759999333,-0.00755929936000782,0.9259608538652606,0.3768348374244244
2.046396821575776,-1.340786936892924,-1.2946819844326913,0.02312702759999333,-0.00755929936000782,0.9259608538652606,0.3768348374244244,0.07514474915882108,0.12759305766432694,2.0337570045435234,-1.3274522089002434,-1.2939933961361931,0.022856652186575798,-0.007518817236982377,0.929212037072736,0.3687628384169357
2.0337570045435234,-1.3274522089002434,-1.2939933961361931,0.022856652186575798,-0.007518817236982377,0.929212037072736,0.3687628384169357,-0.18781431315790398,0.40679123365888126,2.0655898012872336,-1.362696431455544,-1.2953634443599669,0.024093470295900466,-0.008303572069888888,0.9405754187260553,0.3386272834080066
2.0655898012872336,-1.362696431455544,-1.2953634443599669,0.024093470295900466,-0.008303572069888888,0.9405754187260553,0.3386272834080066,-0.9595879706331674,-0.8034313038571894,2.190948141033607,-1.4869802898608613,-1.3032546533599136,0.0279916439776012,-0.009265886753117753,0.9311052757202771,0.36355684113488534
2.190948141033607,-1.4869802898608613,-1.3032546533599136,0.0279916439776012,-0.009265886753117753,0.9311052757202771,0.36355684113488534,-0.266127522674358,0.33625735600552553,2.2357015565033866,-1.528810898489883,-1.3065687574571418,0.02996150355257557,-0.01047006183120919,0.940934741122341,0.3370971656053384
2.2357015565033866,-1.528810898489883,-1.3065687574571418,0.02996150355257557,-0.01047006183120919,0.940934741122341,0.3370971656053384,-0.3766279320361874,0.39733489696074864,2.3026573152653556,-1.5866040407474349,-1.3112400541664215,0.03218589857195735,-0.0120998621842647,0.9470688919884114,0.31918360718570793
2.3026573152653556,-1.5866040407474349,-1.3112400541664215,0.03218589857195735,-0.0120998621842647,0.9470688919884114,0.31918360718570793,0.6025185973193876,0.4650055222446885,2.1659317763335437,-1.5076565412113263,-1.3031692342674004,0.027831746030346313,-0.010600733737203414,0.9572183842606082,0.28782978162560907
2.1659317763335437,-1.5076565412113263,-1.3031692342674004,0.027831746030346313,-0.010600733737203414,0.9572183842606082,0.28782978162560907,-0.7902586326818122,0.061554621911415586,2.3237931453289686,-1.6113806221844533,-1.3127871754355527,0.03236007859297465,-0.012796075798054082,0.9602368112326642,0.27700966068235194
2.3237931453289686,-1.6113806221844533,-1.3127871754355527,0.03236007859297465,-0.012796075798054082,0.9602368112326642,0.27700966068235194,-0.757202720289837,-0.5475884362570325,2.482390164140264,-1.7166603991049127,-1.3247045321757334,0.0362495364827696,-0.013919713845063122,0.94908009596588,0.31263266641963683
2.482390164140264,-1.7166603991049127,-1.3247045321757334,0.0362495364827696,-0.013919713845063122,0.94908009596588,0.31263266641963683,0.4956549865752693,0.15542526884411978,2.37832801611867,-1.642272526002161,-1.3167503837464665,0.03389104866470823,-0.012953328395946267,0.9513486498223376,0.3059728004007686
2.37832801611867,-1.642272526002161,-1.3167503837464665,0.03389104866470823,-0.012953328395946267,0.9513486498223376,0.3059728004007686,-0.6998533570482268,0.753485307436562,2.502350191079117,-1.7304400990819155,-1.326237944822459,0.036279352434773635,-0.014539808799583444,0.9559571887277342,0.29089217223354813
2.502350191079117,-1.7304400990819155,-1.326237944822459,0.036279352434773635,-0.014539808799583444,0.9559571887277342,0.29089217223354813,0.6420218413915812,0.3451845874185817,2.359951857810639,-1.6460607451652802,-1.3157859942069912,0.03391183795221682,-0.01458886162014577,0.9627788360048686,0.2677574747872434
2.359951857810639,-1.6460607451652802,-1.3157859942069912,0.03391183795221682,-0.01458886162014577,0.9627788360048686,0.2677574747872434,-0.2166154766968047,-0.8628379088464386,2.4002879268424064,-1.6712381229574007,-1.3189101769502733,0.035733062225030116,-0.012750394993655018,0.9370120009299584,0.3472305945690323
2.4002879268424064,-1.6712381229574007,-1.3189101769502733,0.035733062225030116,-0.012750394993655018,0.9370120009299584,0.3472305945690323,-0.6483857042349737,0.7457065912671093,2.5255877901859862,-1.765051403802655,-1.328943333571896,0.03658060268967975,-0.014560513492450187,0.9546065572873452,0.2952561121089595
2.5255877901859862,-1.765051403802655,-1.328943333571896,0.03658060268967975,-0.014560513492450187,0.9546065572873452,0.2952561121089595,-0.5827306398087022,-0.2494415750056127,2.6409597636668796,-1.8534786578426474,-1.3395644324175697,0.03934177612075459,-0.015750853588098586,0.948124194961884,0.3150629241767268
2.6409597636668796,-1.8534786578426474,-1.3395644324175697,0.03934177612075459,-0.015750853588098586,0.948124194961884,0.3150629241767268,0.9215100837463861,-0.19131514317301934,2.498676171919423,-1.7434757423445921,-1.3266263239371536,0.03686683408158406,-0.013821886555320368,0.9462323936925632,0.32108262040119034
2.498676171919423,-1.7434757423445921,-1.3266263239371536,0.03686683408158406,-0.013821886555320368,0.9462323936925632,0.32108262040119034,-0.2341878849054535,-0.6592156686092743,2.5509202107745135,-1.776714337019926,-1.3307337740367318,0.03915179308852259,-0.013910883935066901,0.928016888296069,0.3702138293518763
2.5509202107745135,-1.776714337019926,-1.3307337740367318,0.03915179308852259,-0.013910883935066901,0.928016888296069,0.3702138293518763,0.49542654650405615,-0.44176646325367663,2.4699472002279066,-1.6928614540659739,-1.3233203990184867,0.03690599874856974,-0.011839669003723042,0.9181147959060921,0.3944147449482179
2.4699472002279066,-1.6928614540659739,-1.3233203990184867,0.03690599874856974,-0.011839669003723042,0.9181147959060921,0.3944147449482179,-0.3444472115031074,0.49689046020910865,2.520235826863263,-1.7508159875522638,-1.3257496429417288,0.040835063174119786,-0.009324035411726897,0.9225641754881985,0.38356342641731006
2.520235826863263,-1.7508159875522638,-1.3257496429417288,0.040835063174119786,-0.009324035411726897,0.9225641754881985,0.38356342641731006,-0.2378911215802284,-0.6659888013141373,2.574811876195045,-1.788886313709052,-1.3327884816075195,0.03987847240944863,-0.011334862842937877,0.9007472191187763,0.4323605851282143
2.574811876195045,-1.788886313709052,-1.3327884816075195,0.03987847240944863,-0.011334862842937877,0.9007472191187763,0.4323605851282143,0.18648238690562313,-0.720982707127704,2.5625901643967572,-1.7352659129671215,-1.3245803666485654,0.038865346190148135,-0.018210140659075183,0.8767223706132187,0.47907803175373714
2.5625901643967572,-1.7352659129671215,-1.3245803666485654,0.038865346190148135,-0.018210140659075183,0.8767223706132187,0.47907803175373714,0.61428279739425,0.40729712558530307,2.4888228419192173,-1.6138555146191738,-1.3208485265140464,0.036449768064661416,-0.00903621294764509,0.8773806762985866,0.47832301859876236
2.4888228419192173,-1.6138555146191738,-1.3208485265140464,0.036449768064661416,-0.00903621294764509,0.8773806762985866,0.47832301859876236,0.6189873974635118,-0.048564093348952175,2.4059326632591422,-1.4848619315332547,-1.3118042640204348,0.0311394801504854,-0.008533803313785572,0.8775910725238643,0.47832145718478164
2.4059326632591422,-1.4848619315332547,-1.3118042640204348,0.0311394801504854,-0.008533803313785572,0.8775910725238643,0.47832145718478164,0.2175440774834625,-0.2628883222585048,2.381474601653,-1.4412804506901995,-1.3077567249954543,0.03638711959206308,-0.007844097003874747,0.866841142644781,0.49719300184966125
2.381474601653,-1.4412804506901995,-1.3077567249954543,0.03638711959206308,-0.007844097003874747,0.866841142644781,0.49719300184966125,0.586318699464021,0.7505500956730686,2.302188239289585,-1.3210239260727408,-1.3020172911497647,0.02666043773943,-0.008927893096384497,0.885906186447767,0.4630116009323912
2.302188239289585,-1.3210239260727408,-1.3020172911497647,0.02666043773943,-0.008927893096384497,0.885906186447767,0.4630116009323912,0.492307730964441,-0.5505267479261648,2.2390800070996595,-1.2212650825899314,-1.2968070160953227,0.02293304738678224,-0.00781538338601631,0.8823231005559846,0.47002014993546715
2.2390800070996595,-1.2212650825899314,-1.2968070160953227,0.02293304738678224,-0.00781538338601631,0.8823231005559846,0.47002014993546715,0.10375738135812163,-0.4004935119256692,2.2244586392698262,-1.1937810412947005,-1.286085572341707,0.03541171938575403,-0.019673279212896275,0.8769118021960944,0.4789411899015929
2.2244586392698262,-1.1937810412947005,-1.286085572341707,0.03541171938575403,-0.019673279212896275,0.8769118021960944,0.4789411899015929,-0.5028828628765105,0.5957819185949818,2.2918459731107026,-1.3125608733880174,-1.30147609734003,0.026139294978878583,-0.008844744939265368,0.886409668346839,0.4620783565654351
2.2918459731107026,-1.3125608733880174,-1.30147609734003,0.026139294978878583,-0.008844744939265368,0.886409668346839,0.4620783565654351,-0.6856122343755695,-0.8122067822484249,2.3691758895371504,-1.446820104812883,-1.3087692522147534,0.02869321005377204,-0.007611353080114196,0.8682433108293389,0.49524975537723187
2.3691758895371504,-1.446820104812883,-1.3087692522147534,0.02869321005377204,-0.007611353080114196,0.8682433108293389,0.49524975537723187,0.8424261253539611,-0.8575611253823898,2.2904739460855654,-1.28384108874644,-1.3002989493662418,0.02391726456434668,-0.006594494697073987,0.8384173717740957,0.5444637616984872
2.2904739460855654,-1.28384108874644,-1.3002989493662418,0.02391726456434668,-0.006594494697073987,0.8384173717740957,0.5444637616984872,0.44331284295165707,-0.8111472865150924,2.2633415586467596,-1.1522733568185104,-1.295792546770715,0.021656437294970153,-0.0057723991090168295,0.8088842557192297,0.587540584965637
2.2633415586467596,-1.1522733568185104,-1.295792546770715,0.021656437294970153,-0.0057723991090168295,0.8088842557192297,0.587540584965637,0.07806670475391564,-0.3227332092304591,2.2520072305716488,-1.133888614197683,-1.2949703795352074,0.02085323105990908,-0.005647897050610101,0.7929394823249603,0.6089172533140212
2.2520072305716488,-1.133888614197683,-1.2949703795352074,0.02085323105990908,-0.005647897050610101,0.7929394823249603,0.6089172533140212,0.16085451376725346,-0.3212524377500878,2.2439451214167345,-1.0950923688167977,-1.293768280782154,0.020031753766543814,-0.005494208694790868,0.7821921367794138,0.6226909375222265
2.2439451214167345,-1.0950923688167977,-1.293768280782154,0.020031753766543814,-0.005494208694790868,0.7821921367794138,0.6226909375222265,-0.479006664419227,-0.6929707954000384,2.2585087740929053,-1.2148625310513306,-1.2974894652416766,0.022207726193799626,-0.003643532489520364,0.7519362593012948,0.6588515792773626
2.2585087740929053,-1.2148625310513306,-1.2974894652416766,0.022207726193799626,-0.003643532489520364,0.7519362593012948,0.6588515792773626,0.4203674711587213,-0.3743865350075888,2.244700916456271,-1.1242164120819824,-1.2946764492801426,0.020359920934944268,-0.004248127556794327,0.7503383148143514,0.6607267516555866
2.244700916456271,-1.1242164120819824,-1.2946764492801426,0.020359920934944268,-0.004248127556794327,0.7503383148143514,0.6607267516555866,0.18303414149003294,-0.9893425823894351,2.2580794854889077,-1.0584700836343945,-1.2931950216940744,0.01802362189002271,-0.0031433113494846745,0.7196570412898416,0.6940886193921327
2.2580794854889077,-1.0584700836343945,-1.2931950216940744,0.01802362189002271,-0.0031433113494846745,0.7196570412898416,0.6940886193921327,0.8791361958802364,-0.4683468337298471,2.2775091628185455,-0.8677056018878626,-1.289593378061335,0.015424598806535145,-0.0027369802521895687,0.688536019560181,0.7250329237069022
2.2775091628185455,-0.8677056018878626,-1.289593378061335,0.015424598806535145,-0.0027369802521895687,0.688536019560181,0.7250329237069022,0.4308888241288573,-0.2340638977196956,2.2807789749938543,-0.7713814973411479,-1.2879955476821703,0.014707014399012733,-0.0029648810247064478,0.6819703101833203,0.731225963185418
2.2807789749938543,-0.7713814973411479,-1.2879955476821703,0.014707014399012733,-0.0029648810247064478,0.6819703101833203,0.731225963185418,0.8440526457368991,-0.024691956957324068,2.2948727120056467,-0.5788804818477314,-1.2855458564135647,0.01130647549506566,-0.00192316742603348,0.6794934154372964,0.7335919597543915
2.2948727120056467,-0.5788804818477314,-1.2855458564135647,0.01130647549506566,-0.00192316742603348,0.6794934154372964,0.7335919597543915,0.6494473401938348,-0.9601530277959596,2.306834931317833,-0.4407388561362424,-1.2751455208316482,0.00519971093847492,-0.016046467593884544,0.6719884199174334,0.7403695275879376
2.306834931317833,-0.4407388561362424,-1.2751455208316482,0.00519971093847492,-0.016046467593884544,0.6719884199174334,0.7403695275879376,0.5920455743103754,-0.9345758265398458,2.3361149677716564,-0.3172989713764528,-1.2838282921658535,0.006580813212505204,-0.00044624529862712477,0.6423559852839039,0.7663780280857095
2.3361149677716564,-0.3172989713764528,-1.2838282921658535,0.006580813212505204,-0.00044624529862712477,0.6423559852839039,0.7663780280857095,-0.21419572167611634,0.33362847309772503,2.3282701103148455,-0.37998302052442035,-1.2841659191446442,0.008466708926885218,-0.0007162241183936924,0.6535828362328072,0.7568072925420574
2.3282701103148455,-0.37998302052442035,-1.2841659191446442,0.008466708926885218,-0.0007162241183936924,0.6535828362328072,0.7568072925420574,0.4465161739322898,-0.2374014403356326,2.3439009134927753,-0.27324215727656415,-1.283429664113448,0.007819990802083072,-0.0006157210262920051,0.6511856495830058,0.7588779338000491
2.3439009134927753,-0.27324215727656415,-1.283429664113448,0.007819990802083072,-0.0006157210262920051,0.6511856495830058,0.7588779338000491,0.41470549237182475,0.705017026627258,2.355374063595156,-0.17795251391035652,-1.2834804037728393,0.0040668181076182214,-0.00010881947158183222,0.6916399721002038,0.7222309866947217
2.355374063595156,-0.17795251391035652,-1.2834804037728393,0.0040668181076182214,-0.00010881947158183222,0.6916399721002038,0.7222309866947217,-0.9491549434471027,0.47132945870588117,2.359889389849993,-0.36723099751988797,-1.2843759172151374,0.0095149320633361,-0.0014800446066960682,0.7182264164001438,0.6957428334670789
2.359889389849993,-0.36723099751988797,-1.2843759172151374,0.0095149320633361,-0.0014800446066960682,0.7182264164001438,0.6957428334670789,-0.6372719486509586,-0.4658121456757176,2.3503263471042817,-0.525123672496904,-1.2858040518982738,0.011784443974761628,-0.0017107961761090387,0.6907931379387312,0.7229543835079849
2.3503263471042817,-0.525123672496904,-1.2858040518982738,0.011784443974761628,-0.0017107961761090387,0.6907931379387312,0.7229543835079849,-0.9630677097371865,0.3033137845160374,2.352025318406546,-0.71762232781026,-1.2882390817265272,0.01471445283710887,-0.0033233308125456586,0.7101462634460861,0.7038925520728125
2.352025318406546,-0.71762232781026,-1.2882390817265272,0.01471445283710887,-0.0033233308125456586,0.7101462634460861,0.7038925520728125,0.17279674467846662,0.44071092975134585,2.3476809577953155,-0.6705073276678098,-1.2875523230383963,0.014463250145726836,-0.00322412560770187,0.7395359118044331,0.6729539765547669
2.3476809577953155,-0.6705073276678098,-1.2875523230383963,0.014463250145726836,-0.00322412560770187,0.7395359118044331,0.6729539765547669,-0.2515410974750125,-0.1751815101271179,2.350891095198125,-0.7312758739325589,-1.2884901074574728,0.015011319733212628,-0.003507966905550251,0.7321143495154558,0.68100729341294
2.350891095198125,-0.7312758739325589,-1.2884901074574728,0.015011319733212628,-0.003507966905550251,0.7321143495154558,0.68100729341294,0.23643629383315745,0.40883584710854026,2.3431453664434514,-0.6657403054382591,-1.2873861874059556,0.014430906072636581,-0.0034990200493221647,0.7587889127210307,0.651167330062138
2.3431453664434514,-0.6657403054382591,-1.2873861874059556,0.014430906072636581,-0.0034990200493221647,0.7587889127210307,0.651167330062138,-0.8627449728650975,0.5106925831753342,2.375460861393842,-0.8366326522879062,-1.2906535746308163,0.016778163724990813,-0.004234924005605741,0.7715626363952051,0.6359179638597771
2.375460861393842,-0.8366326522879062,-1.2906535746308163,0.016778163724990813,-0.004234924005605741,0.7715626363952051,0.6359179638597771,-0.18167926063555195,0.7206371323831859,2.3952606789585813,-0.9094817264076982,-1.2928438161312745,0.018400095520805668,-0.005069931603563744,0.7776617876930819,0.6283930905415497
2.3952606789585813,-0.9094817264076982,-1.2928438161312745,0.018400095520805668,-0.005069931603563744,0.7776617876930819,0.6283930905415497,0.8289545345014997,-0.2759152027173233,2.3603682529620675,-0.7272682823216311,-1.2884843390849627,0.015032653318196532,-0.004064647560344569,0.7754795748265666,0.6311805819266249
2.3603682529620675,-0.7272682823216311,-1.2884843390849627,0.015032653318196532,-0.004064647560344569,0.7754795748265666,0.6311805819266249,0.10061482673301336,0.07667826284972512,2.3532223337737306,-0.6945500329637515,-1.2878750458659955,0.01465356570286778,-0.0040850545372209624,0.7869098445808647,0.616880443719315
2.3532223337737306,-0.6945500329637515,-1.2878750458659955,0.01465356570286778,-0.0040850545372209624,0.7869098445808647,0.616880443719315,0.5721831201838237,-0.08592038244157174,2.3187963480872433,-0.563668885403084,-1.28567308327387,0.01286865521308285,-0.003187064273732039,0.7873880779635134,0.6163150614866119
2.3187963480872433,-0.563668885403084,-1.28567308327387,0.01286865521308285,-0.003187064273732039,0.7873880779635134,0.6163150614866119,-0.22280153130832359,0.18781085864417157,2.333230714749527,-0.6244793650074352,-1.2866142979663286,0.014006006607224376,-0.003649599183388108,0.7889597039281303,0.614274448257744
2.333230714749527,-0.6244793650074352,-1.2866142979663286,0.014006006607224376,-0.003649599183388108,0.7889597039281303,0.614274448257744,0.4534350891158818,0.07109473836479085,2.30561983797347,-0.5171048301865168,-1.2848108144799824,0.013136173489578365,-0.0031611206685380707,0.7902517105965192,0.6126333994824685
2.30561983797347,-0.5171048301865168,-1.2848108144799824,0.013136173489578365,-0.0031611206685380707,0.7902517105965192,0.6126333994824685,0.40580089575111566,-0.2310283876109227,2.2856413981927104,-0.41060091512303376,-1.2838087989411595,0.00964166053685452,-0.00225565101973293,0.7852266750966927,0.6191292426764886
2.2856413981927104,-0.41060091512303376,-1.2838087989411595,0.00964166053685452,-0.00225565101973293,0.7852266750966927,0.6191292426764886,0.12062989115953981,0.5946580432723876,2.2801857562773304,-0.379524256984665,-1.2835663265404509,0.009656846888081577,-0.0024120484645491803,0.8172872767375771,0.5761444563764022
2.2801857562773304,-0.379524256984665,-1.2835663265404509,0.009656846888081577,-0.0024120484645491803,0.8172872767375771,0.5761444563764022,-0.7773137345403189,0.4025545367754826,2.356988434542245,-0.5407940617083367,-1.2859997290480043,0.013658755793907266,-0.003404304386266691,0.8371062763510783,0.5468591511490324
2.356988434542245,-0.5407940617083367,-1.2859997290480043,0.013658755793907266,-0.003404304386266691,0.8371062763510783,0.5468591511490324,-0.7222076903394603,-0.34740343422177156,2.412604951156994,-0.7188533171411384,-1.2894449424339998,0.016082531992047736,-0.00437433541483583,0.8115534267819158,0.5840404547913896
2.412604951156994,-0.7188533171411384,-1.2894449424339998,0.016082531992047736,-0.00437433541483583,0.8115534267819158,0.5840404547913896,0.9184182128133069,0.997632026602836,2.356827954581137,-0.5675304864414573,-1.2862006960256962,0.01358294076333154,-0.003628332557177082,0.8241041488012333,0.5662637997008717
2.356827954581137,-0.5675304864414573,-1.2862006960256962,0.01358294076333154,-0.003628332557177082,0.8241041488012333,0.5662637997008717,0.22914981774640086,-0.5991079171076701,2.3380489703875504,-0.5129516870404361,-1.285336393663677,0.0135197114165995,-0.003122489607660857,0.8133244793765902,0.5816448733623123
2.3380489703875504,-0.5129516870404361,-1.285336393663677,0.0135197114165995,-0.003122489607660857,0.8133244793765902,0.5816448733623123,0.05920402894994825,-0.4582821067677507,2.328022606794103,-0.48037504986647245,-1.2848873250838042,0.012840730123185382,-0.0030006639937022518,0.813348898103545,0.5816267545593561
2.328022606794103,-0.48037504986647245,-1.2848873250838042,0.012840730123185382,-0.0030006639937022518,0.813348898103545,0.5816267545593561,0.15660104153729204,0.08508649007366853,2.315133540044403,-0.4437164242875019,-1.2841761323232317,0.013213181195095272,-0.0029267363173753657,0.8201731744823471,0.5719552516734009
2.315133540044403,-0.4437164242875019,-1.2841761323232317,0.013213181195095272,-0.0029267363173753657,0.8201731744823471,0.5719552516734009,-0.4760940353435841,0.4971636079285582,2.370457718704724,-0.5518003783564658,-1.2863123487293047,0.014061982012834873,-0.0034755683877240808,0.849481471846264,0.5274195768798859
2.370457718704724,-0.5518003783564658,-1.2863123487293047,0.014061982012834873,-0.0034755683877240808,0.849481471846264,0.5274195768798859,0.31731840427046687,-0.008138375770849526,2.3345238938671846,-0.47954199649967305,-1.2849263356666936,0.013559310775563214,-0.0032946283064066053,0.8519554364526826,0.5234283378021615
2.3345238938671846,-0.47954199649967305,-1.2849263356666936,0.013559310775563214,-0.0032946283064066053,0.8519554364526826,0.5234283378021615,-0.2449302044436683,0.7758338368615112,2.3653874582187373,-0.5301384015313484,-1.2861154350504898,0.013948192454608838,-0.0038669767910226725,0.891014707840924,0.45374363337560986
2.3653874582187373,-0.5301384015313484,-1.2861154350504898,0.013948192454608838,-0.0038669767910226725,0.891014707840924,0.45374363337560986,0.4040736309651851,-0.15786777901325766,2.3087823689522584,-0.4487013428716513,-1.2843381972941352,0.012768402042706734,-0.0036262531868812087,0.8895072245360354,0.45672827336973526
2.3087823689522584,-0.4487013428716513,-1.2843381972941352,0.012768402042706734,-0.0036262531868812087,0.8895072245360354,0.45672827336973526,0.8240666844635811,-0.8995856616185118,2.232014162826318,-0.27674810100937375,-1.282801091565932,0.007792270265088326,-0.001695633440413934,0.8484035146861536,0.5292899787635635
2.232014162826318,-0.27674810100937375,-1.282801091565932,0.007792270265088326,-0.001695633440413934,0.8484035146861536,0.5292899787635635,-0.9133864722701348,-0.03740773486870963,2.309462603053604,-0.44747010174730006,-1.2844034296505726,0.012325715393931689,-0.0030900628007027218,0.8444318724388371,0.5355122230737175
2.309462603053604,-0.44747010174730006,-1.2844034296505726,0.012325715393931689,-0.0030900628007027218,0.8444318724388371,0.5355122230737175,0.07336799279553974,0.3492335528171471,2.311879004860633,-0.42908503022129985,-1.2840534784115034,0.012899188941326922,-0.003276651076864177,0.8595571435920373,0.5108663145895159
2.311879004860633,-0.42908503022129985,-1.2840534784115034,0.012899188941326922,-0.003276651076864177,0.8595571435920373,0.5108663145895159,0.20898737753407648,-0.6603280634980626,2.292677626657678,-0.3639759097986901,-1.2835880972200442,0.010473673609020458,-0.0024319175681117426,0.8400448282571471,0.5424104298928022
2.292677626657678,-0.3639759097986901,-1.2835880972200442,0.010473673609020458,-0.0024319175681117426,0.8400448282571471,0.5424104298928022,0.8342333277118321,-0.6997929916933259,2.2251620268427756,-0.21240360524390917,-1.2825705440197355,0.004944897709735614,-0.0013997487700211843,0.8267250507127307,0.5625826865573219
2.2251620268427756,-0.21240360524390917,-1.2825705440197355,0.004944897709735614,-0.0013997487700211843,0.8267250507127307,0.5625826865573219,0.5782111679908524,-0.9153678893053645,2.202305436963175,-0.061882659986652676,-1.2832728305637169,-0.000978730093201013,-0.00023924959873333827,0.7746619790678793,0.6323747330765761
2.202305436963175,-0.061882659986652676,-1.2832728305637169,-0.000978730093201013,-0.00023924959873333827,0.7746619790678793,0.6323747330765761,0.6871806668010432,-0.19883374616221827,2.17210892806108,0.09855259941141811,-1.2847404745936157,-0.0036951457157408203,0.0009895797377091876,0.7713394396113489,0.6364124727958532
2.17210892806108,0.09855259941141811,-1.2847404745936157,-0.0036951457157408203,0.0009895797377091876,0.7713394396113489,0.6364124727958532,-0.8645918947068763,0.3986005213327737,2.2094556190130303,-0.07760475486275127,-1.2831264819231352,-1.4651790752725737e-06,-0.00039524578518969664,0.7808895177238817,0.6246690362804818
2.2094556190130303,-0.07760475486275127,-1.2831264819231352,-1.4651790752725737e-06,-0.00039524578518969664,0.7808895177238817,0.6246690362804818,-0.5488887094820973,-0.2610395239811696,2.22976185728584,-0.21333850338196034,-1.2826884810209396,0.005121614251942226,-0.0007845111182281957,0.7655608155888948,0.6433426701569126
2.22976185728584,-0.21333850338196034,-1.2826884810209396,0.005121614251942226,-0.0007845111182281957,0.7655608155888948,0.6433426701569126,0.9496926610424634,-0.7134471135597353,2.199707251685102,-0.02118588942639033,-1.283442047980319,-0.0021646411093288877,0.00011280873884797504,0.7328892113258291,0.6803445491258532
2.199707251685102,-0.02118588942639033,-1.283442047980319,-0.0021646411093288877,0.00011280873884797504,0.7328892113258291,0.6803445491258532,-0.9976311967914202,-0.5039219747000023,2.1975664892756224,-0.20617385838131336,-1.2827152861177646,0.0019483632204310743,-0.0005467969654589661,0.7103462382359936,0.7038495057310282
2.1975664892756224,-0.20617385838131336,-1.2827152861177646,0.0019483632204310743,-0.0005467969654589661,0.7103462382359936,0.7038495057310282,0.7120365903598214,-0.13536720795120316,2.196914397756204,-0.03731947778879901,-1.2835469447755754,-0.003505177684007629,0.00045343521825794625,0.7109995748256136,0.7031835554986359
2.196914397756204,-0.03731947778879901,-1.2835469447755754,-0.003505177684007629,0.00045343521825794625,0.7109995748256136,0.7031835554986359,-0.8215825207973515,0.6009861603141242,2.210179431583259,-0.2225693076885891,-1.282625280498278,0.002847923691850805,-0.0007469774926281719,0.7456004968951033,0.6663866973349977
2.210179431583259,-0.2225693076885891,-1.282625280498278,0.002847923691850805,-0.0007469774926281719,0.7456004968951033,0.6663866973349977,-0.4923061670805928,0.44095163035072416,2.2323467747000345,-0.3486401146408129,-1.2829095613787866,0.007112854632941106,-0.001727279906718893,0.7668149419000649,0.6418265097998793
2.2323467747000345,-0.3486401146408129,-1.2829095613787866,0.007112854632941106,-0.001727279906718893,0.7668149419000649,0.6418265097998793,-0.7934215303610828,0.7389826748910544,2.2841623502742934,-0.5275051368556348,-1.284836214493596,0.01202495281234126,-0.003115568881965028,0.7986958652988873,0.6016066892038888
2.2841623502742934,-0.5275051368556348,-1.284836214493596,0.01202495281234126,-0.003115568881965028,0.7986958652988873,0.6016066892038888,-0.6325236481739056,-0.609834841233938,2.318072114424464,-0.6630997221604198,-1.286932061576963,0.014333370825188565,-0.004031114595119975,0.7924078909834713,0.6098098383127609
2.318072114424464,-0.6630997221604198,-1.286932061576963,0.014333370825188565,-0.004031114595119975,0.7924078909834713,0.6098098383127609,0.06451383469459215,0.98813425820734,2.3063733037733005,-0.6547787898130096,-1.2866789272771295,0.014485904392240144,-0.004393669289128637,0.8390494123604587,0.543844589806394
2.3063733037733005,-0.6547787898130096,-1.2866789272771295,0.014485904392240144,-0.004393669289128637,0.8390494123604587,0.543844589806394,0.130618924732107,-0.385044629782787,2.2905945619490975,-0.6177223474938955,-1.2859901221986152,0.013924522594160209,-0.003967332544554772,0.8270973305818964,0.5618722040529384
2.2905945619490975,-0.6177223474938955,-1.2859901221986152,0.013924522594160209,-0.003967332544554772,0.8270973305818964,0.5618722040529384,-0.7992326954065636,-0.960032733421442,2.345437489083383,-0.7748262252391809,-1.2883188322098535,0.01819415589513842,-0.005586904722922789,0.8124325859895447,0.5827444143097569
2.345437489083383,-0.7748262252391809,-1.2883188322098535,0.01819415589513842,-0.005586904722922789,0.8124325859895447,0.5827444143097569,0.23699603937631464,-0.1506737038394459,2.3249988100039274,-0.7239831080450596,-1.2878955306721656,0.014974744101938333,-0.0045298374912392985,0.803702543456989,0.5948255704424207
2.3249988100039274,-0.7239831080450596,-1.2878955306721656,0.014974744101938333,-0.0045298374912392985,0.803702543456989,0.5948255704424207,-0.4191481975597391,0.4670061674222372,2.358453532974953,-0.8190251448331278,-1.2900511919893793,0.016978661371179937,-0.004881342633044425,0.8115337412498523,0.5840384271305779
2.358453532974953,-0.8190251448331278,-1.2900511919893793,0.016978661371179937,-0.004881342633044425,0.8115337412498523,0.5840384271305779,-0.40835405486022824,-0.50791485513383,2.38528271050505,-0.8995172989150907,-1.2924024616116627,0.019703055662044576,-0.005801873345485895,0.8060641354771915,0.5914716708014587
2.38528271050505,-0.8995172989150907,-1.2924024616116627,0.019703055662044576,-0.005801873345485895,0.8060641354771915,0.5914716708014587,0.44611372188965914,-0.6371085997344121,2.368990693206398,-0.7741901268608079,-1.2893927403992431,0.015586001247445453,-0.004424193370712675,0.7868439774709928,0.6169392662132643
2.368990693206398,-0.7741901268608079,-1.2893927403992431,0.015586001247445453,-0.004424193370712675,0.7868439774709928,0.6169392662132643,-0.3772172372871885,0.35786511417677347,2.3950105032081654,-0.8605360410422728,-1.2916373278912192,0.01952171241983797,-0.005611415938487034,0.8108740525769317,0.5848680924899439
2.3950105032081654,-0.8605360410422728,-1.2916373278912192,0.01952171241983797,-0.005611415938487034,0.8108740525769317,0.5848680924899439,-0.41072549298707495,-0.45846058747756646,2.4242564265862026,-0.9561510871249411,-1.2949331082063478,0.021066145983296595,-0.0064600224711722455,0.8037525736545983,0.594555536469632
2.4242564265862026,-0.9561510871249411,-1.2949331082063478,0.021066145983296595,-0.0064600224711722455,0.8037525736545983,0.594555536469632,0.05207129022718471,-0.5491024110921006,2.408697200513875,-0.9571712475447085,-1.2945357896269547,0.02018133446441754,-0.00558837844982932,0.7820153859939931,0.6229072321254607
2.408697200513875,-0.9571712475447085,-1.2945357896269547,0.02018133446441754,-0.00558837844982932,0.7820153859939931,0.6229072321254607,0.20742121446446293,0.3553944640536506,2.3987327115051316,-0.914440190984499,-1.2928775187726675,0.019908234289345846,-0.005958161552047547,0.7932189371407802,0.6085818599659798
2.3987327115051316,-0.914440190984499,-1.2928775187726675,0.019908234289345846,-0.005958161552047547,0.7932189371407802,0.6085818599659798,-0.5064653490325743,-0.3825998459618849,2.4370297614093346,-1.0843517441122752,-1.2989339957410873,0.02322215677632524,-0.004865729884344232,0.7506491289409919,0.6602748983018198
2.4370297614093346,-1.0843517441122752,-1.2989339957410873,0.02322215677632524,-0.004865729884344232,0.7506491289409919,0.6602748983018198,-0.4442797953905926,0.5080495310924094,2.4581941516693124,-1.1891308856803406,-1.3028949965018832,0.025465653710213396,-0.0047192956900089225,0.7784421569670738,0.6271818213132067
2.4581941516693124,-1.1891308856803406,-1.3028949965018832,0.025465653710213396,-0.0047192956900089225,0.7784421569670738,0.6271818213132067,-0.8763609774348164,0.8990828896807468,2.529404759358943,-1.371442572085807,-1.3126925938639191,0.030945518550278266,-0.007076299007744676,0.833483655616834,0.551631486314556
2.529404759358943,-1.371442572085807,-1.3126925938639191,0.030945518550278266,-0.007076299007744676,0.833483655616834,0.551631486314556,-0.7130537386616032,0.7797526344850743,2.589789047800098,-1.5049025853500075,-1.3212422211296413,0.03627140872026365,-0.00923503526149906,0.8583510404810513,0.5116957986326088
2.589789047800098,-1.5049025853500075,-1.3212422211296413,0.03627140872026365,-0.00923503526149906,0.8583510404810513,0.5116957986326088,0.8374885616016767,-0.11864745898091766,2.515383075405375,-1.3390875302799863,-1.3108387818220564,0.03049351656869189,-0.007859178034204967,0.8476211605986547,0.5296666374931418
2.515383075405375,-1.3390875302799863,-1.3108387818220564,0.03049351656869189,-0.007859178034204967,0.8476211605986547,0.5296666374931418,0.5949154906963148,0.1887142215909443,2.445556446809767,-1.2092637420000656,-1.303289939301268,0.02669791840261251,-0.0086170364784326,0.860040963131544,0.5094531475720443
2.445556446809767,-1.2092637420000656,-1.303289939301268,0.02669791840261251,-0.0086170364784326,0.860040963131544,0.5094531475720443,-0.2778191834853354,0.6573830815795043,2.48257262123798,-1.2782064918623706,-1.3069525050263828,0.02937033001299678,-0.009985940268215438,0.8820193599157327,0.47019093296843606
2.48257262123798,-1.2782064918623706,-1.3069525050263828,0.02937033001299678,-0.009985940268215438,0.8820193599157327,0.47019093296843606,-0.9562411806093134,-0.6879215667571135,2.5702287356151072,-1.4300700124218328,-1.317097516793924,0.03394379154707391,-0.009644810805853101,0.8643648649764395,0.5016255344718705
2.5702287356151072,-1.4300700124218328,-1.317097516793924,0.03394379154707391,-0.009644810805853101,0.8643648649764395,0.5016255344718705,-0.9372614572590721,-0.42288565338834694,2.6539095976598346,-1.5842223015728132,-1.327969496637098,0.03812864529474864,-0.009573307017669602,0.8597926640771087,0.509127815975439
2.6539095976598346,-1.5842223015728132,-1.327969496637098,0.03812864529474864,-0.009573307017669602,0.8597926640771087,0.509127815975439,-0.9963187800896902,-0.22141057866547698,2.7337493007258997,-1.752837348234913,-1.339669602911955,0.04172518991009741,-0.009081020908003425,0.8487804597607842,0.5270182868881367
2.7337477572705264,-1.7527271451779325,-1.339650914393282,0.041894525165540535,-0.009069873738315604,0.8488562283320983,0.5268829943861628,0.5361444091711984,-0.33258900408475167,2.6828823877210897,-1.6271413914894508,-1.331369285323741,0.038485037839289075,-0.008396940545887445,0.8345221308310913,0.5495645607252273
2.6828823877210897,-1.6271413914894508,-1.331369285323741,0.038485037839289075,-0.008396940545887445,0.8345221308310913,0.5495645607252273,-0.7351088772499275,0.3631306587793368,2.768512195875001,-1.7879654488455345,-1.3434936687413281,0.040544722415756414,-0.00903595897314998,0.8474073989582461,0.5293157631513391
2.768512195875001,-1.7879654488455345,-1.3434936687413281,0.040544722415756414,-0.00903595897314998,0.8474073989582461,0.5293157631513391,0.7880925686038642,-0.8268875248080909,2.719350078161602,-1.600451253745566,-1.3318338128728258,0.03822755030225677,-0.007349649174212185,0.8109062883563947,0.5838798066031742
2.719350078161602,-1.600451253745566,-1.3318338128728258,0.03822755030225677,-0.007349649174212185,0.8109062883563947,0.5838798066031742,0.5194844844272613,-0.4722329338001092,2.683044411790657,-1.4981914928313613,-1.3251324415816965,0.03654405683833619,-0.007287938867321036,0.806384048691702,0.5902170650467856
2.683044411790657,-1.4981914928313613,-1.3251324415816965,0.03654405683833619,-0.007287938867321036,0.806384048691702,0.5902170650467856,0.8530933507060956,-0.8851588339147978,2.667274114994771,-1.303117145794292,-1.3157768950110047,0.0321097097909711,-0.004504636330727354,0.7632453230058273,0.6452947014336922
2.667274114994771,-1.303117145794292,-1.3157768950110047,0.0321097097909711,-0.004504636330727354,0.7632453230058273,0.6452947014336922,0.11232398495121942,-0.8688093450886136,2.6634955314778215,-1.2702803274903074,-1.314313452689579,0.031221444308874132,-0.0027097938659340214,0.7202550272902267,0.6930011357101998
2.6634955314778215,-1.2702803274903074,-1.314313452689579,0.031221444308874132,-0.0027097938659340214,0.7202550272902267,0.6930011357101998,0.09381742153782291,-0.21419406959292253,2.665810997992462,-1.2408493081085266,-1.3129258688958663,0.034018141618013586,-0.0031495292554980904,0.7171645543816861,0.6960659799507822
2.665810997992462,-1.2408493081085266,-1.3129258688958663,0.034018141618013586,-0.0031495292554980904,0.7171645543816861,0.6960659799507822,0.38683714618056486,0.3390716895605106,2.6612254304258447,-1.150550641610471,-1.3091723304023508,0.03024108482599363,-0.004118521936984879,0.7341083936719689,0.6783460627924092
2.6612254304258447,-1.150550641610471,-1.3091723304023508,0.03024108482599363,-0.004118521936984879,0.7341083936719689,0.6783460627924092,0.8151044952603612,-0.9520341426419261,2.668816728890036,-0.968678720510645,-1.3030552511576146,0.025552007646313716,-0.0016980500456913687,0.6863818929383182,0.7267902782630601
2.668816728890036,-0.968678720510645,-1.3030552511576146,0.025552007646313716,-0.0016980500456913687,0.6863818929383182,0.7267902782630601,-0.9187995799371442,-0.4304977171118667,2.648825041805226,-1.147926294828536,-1.3089352738736129,0.028491945402478853,-0.0010857774064297245,0.6752088859740084,0.7370752949572685
2.648825041805226,-1.147926294828536,-1.3089352738736129,0.028491945402478853,-0.0010857774064297245,0.6752088859740084,0.7370752949572685,0.6464523844990178,-0.37173094731284917,2.662662261752499,-1.0017566670316822,-1.304015861177689,0.026321299710035696,-0.001168678284754349,0.6675600028551881,0.7440896894599619
2.662662261752499,-1.0017566670316822,-1.304015861177689,0.026321299710035696,-0.001168678284754349,0.6675600028551881,0.7440896894599619,0.3817183310455914,0.035879355489998765,2.6735263250167463,-0.9070224836278705,-1.3009883464545329,0.026089702553323452,-0.0010947877020076803,0.670936836421857,0.7410545799013707
2.6735263250167463,-0.9070224836278705,-1.3009883464545329,0.026089702553323452,-0.0010947877020076803,0.670936836421857,0.7410545799013707,-0.7344807877594943,0.3398455216593379,2.6771955038632425,-1.095781800196142,-1.3079103297112515,0.028694367475600793,-0.002242216545473281,0.6956715793216869,0.7177831562973656
2.6771955038632425,-1.095781800196142,-1.3079103297112515,0.028694367475600793,-0.002242216545473281,0.6956715793216869,0.7177831562973656,-0.9271680442137495,0.15565685740180246,2.6724460281494595,-1.2776247247878199,-1.3149139036022284,0.03212686671015075,-0.00204870561142144,0.6996426723861318,0.7137673277876326
2.6724460281494595,-1.2776247247878199,-1.3149139036022284,0.03212686671015075,-0.00204870561142144,0.6996426723861318,0.7137673277876326,-0.7308795751388424,0.46331850327390955,2.6840910220293557,-1.4646892087822148,-1.3237110659816735,0.036749627735311506,-0.0029218880462486088,0.7240125264950812,0.6888009791730632
2.6840910220293557,-1.4646892087822148,-1.3237110659816735,0.036749627735311506,-0.0029218880462486088,0.7240125264950812,0.6888009791730632,0.8905788560402919,0.8923831015084944,2.6638152445540193,-1.2879068522497772,-1.315040705547993,0.03188345675921592,-0.004467982401486928,0.7623696033217523,0.6463405218995458
2.6638152445540193,-1.2879068522497772,-1.315040705547993,0.03188345675921592,-0.004467982401486928,0.7623696033217523,0.6463405218995458,0.8287293718792008,-0.630680591614897,2.662519724963286,-1.098184240595478,-1.3073248144938046,0.02776540431084882,-0.0035312736097693354,0.7249997316060122,0.6881802101204003
2.662519724963286,-1.098184240595478,-1.3073248144938046,0.02776540431084882,-0.0035312736097693354,0.7249997316060122,0.6881802101204003,-0.373724258770215,0.9008678960613994,2.6893161501581933,-1.1987330790886,-1.312305556655906,0.030867583327069577,-0.004402385664272881,0.7414155715219873,0.670321386802431
2.6893161501581933,-1.1987330790886,-1.312305556655906,0.030867583327069577,-0.004402385664272881,0.7414155715219873,0.670321386802431,-0.3960833669585706,-0.37681656513639705,2.6941531998417765,-1.2807335678622735,-1.3160468751959788,0.032176602323900384,-0.00391989439124314,0.7454051958511695,0.6658230956409751
2.6941531998417765,-1.2807335678622735,-1.3160468751959788,0.032176602323900384,-0.00391989439124314,0.7454051958511695,0.6658230956409751,-0.8033108246083467,0.11020126002008568,2.717195449953581,-1.464564298420306,-1.3253475651888138,0.035683640566168684,-0.004406152352698516,0.752200495188057,0.6579526416515333
2.717195449953581,-1.464564298420306,-1.3253475651888138,0.035683640566168684,-0.004406152352698516,0.752200495188057,0.6579526416515333,0.07409707405121657,-0.5927587876746043,2.718232104066473,-1.4484075056617405,-1.312894907633485,0.047675984097677676,-0.02274340140943551,0.7461017972862507,0.6637332644360034
2.718232104066473,-1.4484075056617405,-1.312894907633485,0.047675984097677676,-0.02274340140943551,0.7461017972862507,0.6637332644360034,-0.7477668084558888,-0.826123807360869,2.737344874082845,-1.6067863484640694,-1.3329544593243237,0.037621588680573435,-0.0037380344963613117,0.7347512065075619,0.6772822954270515
2.737344874082845,-1.6067863484640694,-1.3329544593243237,0.037621588680573435,-0.0037380344963613117,0.7347512065075619,0.6772822954270515,-0.9281823807920988,-0.9688505900332356,2.714680464997403,-1.7936334031248935,-1.3406268186046626,0.03840093224005939,6.873645158170454e-05,0.6887032808819876,0.724025658786193
2.714680464997403,-1.7936334031248935,-1.3406268186046626,0.03840093224005939,6.873645158170454e-05,0.6887032808819876,0.724025658786193,-0.03048613926646082,-0.2710273389875495,2.7145632598976968,-1.7963559723654432,-1.3407714974129574,0.0385101215781701,0.0004461410314154095,0.6811781358650888,0.731104040963786
2.7145632598976968,-1.7963559723654432,-1.3407714974129574,0.0385101215781701,0.0004461410314154095,0.6811781358650888,0.731104040963786,-0.22374759978363157,0.2542235981746317,2.7115610516224526,-1.8443435645933357,-1.3429635301610685,0.039493545602604485,0.00019990556695243807,0.6951905627684245,0.7177397169804807
2.7115610516224526,-1.8443435645933357,-1.3429635301610685,0.039493545602604485,0.00019990556695243807,0.6951905627684245,0.7177397169804807,0.8308586026027238,-0.2769405640006255,2.7284476244447475,-1.6584421517852512,-1.3350624505734585,0.037454568753104864,-0.0005652306507010187,0.6844698302333507,0.7280782150937896
2.7284476244447475,-1.6584421517852512,-1.3350624505734585,0.037454568753104864,-0.0005652306507010187,0.6844698302333507,0.7280782150937896,0.5148385919322203,-0.8495510239151567,2.7461448815174254,-1.5470436573781505,-1.3306549527808436,0.03550591954651755,0.00025808646045788746,0.6488845907282623,0.7600579260713953
2.7461448815174254,-1.5470436573781505,-1.3306549527808436,0.03550591954651755,0.00025808646045788746,0.6488845907282623,0.7600579260713953,-0.6662429788222393,-0.3038411083394792,2.7155576060198294,-1.7021979652520258,-1.3365220557632422,0.03683975273705875,0.0019895611474657886,0.6412165540354825,0.7664725729571633
2.7155576060198294,-1.7021979652520258,-1.3365220557632422,0.03683975273705875,0.0019895611474657886,0.6412165540354825,0.7664725729571633,0.3272102601608051,-0.23358894336546698,2.73697664367222,-1.6221263139592619,-1.3338621437032296,0.03668747786957864,0.0016962066907780335,0.6297743517880738,0.7759094133211317
2.73697664367222,-1.6221263139592619,-1.3338621437032296,0.03668747786957864,0.0016962066907780335,0.6297743517880738,0.7759094133211317,-0.8830326884239432,0.42659955251671855,2.7131892331487184,-1.8143017736200469,-1.341801964902781,0.0384618700885299,0.0019355062567167054,0.6596414600479475,0.7505931538127931
2.7131892331487184,-1.8143017736200469,-1.341801964902781,0.0384618700885299,0.0019355062567167054,0.6596414600479475,0.7505931538127931,0.014823983177251643,0.9639565478841907,2.7159090124371215,-1.7917929624920317,-1.340568747399744,0.03859317960927957,-0.0007711856817783921,0.7043874909171414,0.7087652886532637
2.7159090124371215,-1.7917929624920317,-1.340568747399744,0.03859317960927957,-0.0007711856817783921,0.7043874909171414,0.7087652886532637,-0.31341952441448306,-0.16880418947902842,2.7178751705103634,-1.8707371752331188,-1.344732789412419,0.03937701749113791,0.00041362921788817055,0.6963409585069744,0.7166299944252688
2.7178751705103634,-1.8707371752331188,-1.344732789412419,0.03937701749113791,0.00041362921788817055,0.6963409585069744,0.7166299944252688,-0.3073616938625392,-0.9245946281026616,2.736323444357168,-1.9384560898502063,-1.3491842868047927,0.03969219113239999,0.0027816777981937916,0.6548776033882147,0.7546867673493715
2.736323444357168,-1.9384560898502063,-1.3491842868047927,0.03969219113239999,0.0027816777981937916,0.6548776033882147,0.7546867673493715,0.6600860579175567,-0.5135407721768559,2.7801421394079453,-1.7777662768814029,-1.3438947631175648,0.03868218876980152,0.0031861958762099563,0.6151310706187324,0.7874689215373949
2.7801421394079453,-1.7777662768814029,-1.3438947631175648,0.03868218876980152,0.0031861958762099563,0.6151310706187324,0.7874689215373949,0.03116766199897092,-0.6491182023795083,2.767664144595324,-1.784226534909169,-1.343612317981591,0.03845594290634382,0.00451924643259639,0.5883338652747864,0.8076905223151346
2.767664144595324,-1.784226534909169,-1.343612317981591,0.03845594290634382,0.00451924643259639,0.5883338652747864,0.8076905223151346,-0.12204325835657226,-0.10307805878527798,2.7532066834289015,-1.81519811781146,-1.344362817602829,0.038460453519153386,0.005227280777155973,0.5811882881758521,0.8128429385422503
2.7532066834289015,-1.81519811781146,-1.344362817602829,0.038460453519153386,0.005227280777155973,0.5811882881758521,0.8128429385422503,0.10357553410561371,0.25157783596633077,2.760234419687833,-1.7909513484058437,-1.3434150082744207,0.03831654485610391,0.004197539816973443,0.5955644319292275,0.8023822221800478
2.760234419687833,-1.7909513484058437,-1.3434150082744207,0.03831654485610391,0.004197539816973443,0.5955644319292275,0.8023822221800478,-0.4764346629335736,-0.8577577247504697,2.6962773156895734,-1.9034198938409639,-1.3454220117135478,0.037476714966713384,0.008138954229507996,0.5325307420627354,0.8455414017169509
2.6962773156895734,-1.9034198938409639,-1.3454220117135478,0.037476714966713384,0.008138954229507996,0.5325307420627354,0.8455414017169509,-0.5509787449446133,0.9496317599764763,2.661106327838206,-2.0211222278872873,-1.348831323393489,0.03936677983105189,0.006485355052704827,0.5846019551339111,0.8103386643059693
2.661106327838206,-2.0211222278872873,-1.348831323393489,0.03936677983105189,0.006485355052704827,0.5846019551339111,0.8103386643059693,-0.7804179999851157,0.23827791947030863,2.6091684699708044,-2.200851970109035,-1.3540729808691718,0.03908396072954266,0.006611077917131907,0.6012159077320522,0.798102856749924
2.6091684699708044,-2.200851970109035,-1.3540729808691718,0.03908396072954266,0.006611077917131907,0.6012159077320522,0.798102856749924,-0.5134379179114537,0.43981871210999235,2.586691677728309,-2.3276332335561096,-1.3583907658210064,0.03945587084889116,0.006027778805010866,0.629427771325686,0.7760332343541824
2.586691677728309,-2.3276332335561096,-1.3583907658210064,0.03945587084889116,0.006027778805010866,0.629427771325686,0.7760332343541824,0.17756813538070415,-0.05165084269741005,2.5973214681711907,-2.284068005917364,-1.3569707853099167,0.039614840505399596,0.005642952949004125,0.6293864751157447,0.7760615223261138
2.5973214681711907,-2.284068005917364,-1.3569707853099167,0.039614840505399596,0.005642952949004125,0.6293864751157447,0.7760615223261138,0.991917710509435,0.4423344200204238,2.6161907341502744,-2.102342858817731,-1.3500904880568914,0.04002998063315467,0.004201078988891185,0.6537296711957087,0.7556569781218123
2.6161907341502744,-2.102342858817731,-1.3500904880568914,0.04002998063315467,0.004201078988891185,0.6537296711957087,0.7556569781218123,0.0033495626205486406,-0.9821485919077095,2.602525698951379,-2.1253355842248842,-1.3503234356814695,0.03960406347138474,0.005699352887217278,0.620497788819176,0.7831867782360314
2.602525698951379,-2.1253355842248842,-1.3503234356814695,0.03960406347138474,0.005699352887217278,0.620497788819176,0.7831867782360314,-0.8016841389171698,-0.4414622513826165,2.5369199968459206,-2.3012831807605703,-1.354047113790754,0.03882191623008268,0.007316473380928787,0.5894262025528083,0.8068556746913703
2.5369199968459206,-2.3012831807605703,-1.354047113790754,0.03882191623008268,0.007316473380928787,0.5894262025528083,0.8068556746913703,0.2899472872264339,0.19941240664207638,2.5584699755675104,-2.233046397469168,-1.352432193981632,0.03900686311876,0.0066886133570110765,0.6038215544234221,0.796136456579321
2.5584699755675104,-2.233046397469168,-1.352432193981632,0.03900686311876,0.0066886133570110765,0.6038215544234221,0.796136456579321,-0.3179819708449074,-0.2358294430664707,2.541152271399224,-2.3071543686945466,-1.3546599273755542,0.03877162208786391,0.0073194516378818335,0.5941678429452701,0.8033727412342053
2.541152271399224,-2.3071543686945466,-1.3546599273755542,0.03877162208786391,0.0073194516378818335,0.5941678429452701,0.8033727412342053,0.4922472995893663,0.17467336422743873,2.5758484471821146,-2.191891600019246,-1.3516791127587242,0.039086010422208495,0.006727959610340263,0.6003739458450537,0.7987353400840589
2.5758484471821146,-2.191891600019246,-1.3516791127587242,0.039086010422208495,0.006727959610340263,0.6003739458450537,0.7987353400840589,0.9856063625611962,-0.8821350356124809,2.627309515891787,-2.037347782880082,-1.3477440079516283,0.038559239078429904,0.007527368459473854,0.5700943454643745,0.820639361154042
2.627309515891787,-2.037347782880082,-1.3477440079516283,0.038559239078429904,0.007527368459473854,0.5700943454643745,0.820639361154042,-0.46392326597454825,0.3795186892629234,2.5936513843442595,-2.147753110009355,-1.3507952550658209,0.03902003278805641,0.006777058203295328,0.5956191869378803,0.8022900302725857
2.5936513843442595,-2.147753110009355,-1.3507952550658209,0.03902003278805641,0.006777058203295328,0.5956191869378803,0.8022900302725857,0.042248746772276524,0.12448576843729198,2.5966534187424624,-2.1388258114183865,-1.350544027573041,0.039223167818873604,0.00643028349964901,0.6021214361743729,0.7974145538298616
2.5966534187424624,-2.1388258114183865,-1.350544027573041,0.039223167818873604,0.00643028349964901,0.6021214361743729,0.7974145538298616,-0.13905662330116475,0.31730752011090835,2.587758329976285,-2.1734287524691718,-1.3515230930274778,0.039567232600039075,0.005695078411091119,0.6219994724815895,0.7819965833805735
2.587758329976285,-2.1734287524691718,-1.3515230930274778,0.039567232600039075,0.005695078411091119,0.6219994724815895,0.7819965833805735,-0.08135509348162273,0.7262045490258486,2.5852762243806966,-2.191833995579478,-1.3521435048532757,0.04010061645002897,0.003738413920073624,0.6660590316864259,0.7448109365004186
2.5852762243806966,-2.191833995579478,-1.3521435048532757,0.04010061645002897,0.003738413920073624,0.6660590316864259,0.7448109365004186,0.5982111556961727,-0.07160874490122704,2.6001823722030712,-2.0503182770343344,-1.3465730627698027,0.039964730739508555,0.0032154907600870485,0.6686947303898005,0.7424552770807157
2.6001823722030712,-2.0503182770343344,-1.3465730627698027,0.039964730739508555,0.0032154907600870485,0.6686947303898005,0.7424552770807157,-0.33205414047952675,0.5331263473982479,2.595646496122284,-2.138797262870051,-1.3503481039809895,0.04066778035622263,0.002036348404730147,0.7001597554166101,0.7128241731458222
2.595646496122284,-2.138797262870051,-1.3503481039809895,0.04066778035622263,0.002036348404730147,0.7001597554166101,0.7128241731458222,0.678307277753925,-0.19453479140573027,2.5979610875496797,-1.9745979879890159,-1.34250966942995,0.04096919374365045,0.0006214039143473354,0.705662758880523,0.7073621489380807
2.5979610875496797,-1.9745979879890159,-1.34250966942995,0.04096919374365045,0.0006214039143473354,0.705662758880523,0.7073621489380807,-0.8768751899565703,0.3504873975521672,2.6144797913099374,-2.1782338961361325,-1.353215608630352,0.041118912481666964,-9.330884560325229e-05,0.7460897807586006,0.6645744994937496
2.6144797913099374,-2.1782338961361325,-1.353215608630352,0.041118912481666964,-9.330884560325229e-05,0.7460897807586006,0.6645744994937496,-0.24402232507082133,0.5495963569649576,2.622608072320999,-2.2325832185251797,-1.3561173461707667,0.041542995267523884,-0.001124614296697081,0.7680522579254208,0.6390372789458757
2.622608072320999,-2.2325832185251797,-1.3561173461707667,0.041542995267523884,-0.001124614296697081,0.7680522579254208,0.6390372789458757,0.7392020783995013,0.5089867518986064,2.5814416823100643,-2.0525400311998374,-1.345359451777187,0.0410789793332842,-0.0033102804192141387,0.7924814106534042,0.6085020733483759
2.5814416823100643,-2.0525400311998374,-1.345359451777187,0.0410789793332842,-0.0033102804192141387,0.7924814106534042,0.6085020733483759,-0.9897339758506989,-0.7398301338831572,2.6099626311137585,-2.2340721462745643,-1.354976323015711,0.042657622682529955,-0.0014001814344829623,0.7618753704844567,0.6463159340200404
2.6099626311137585,-2.2340721462745643,-1.354976323015711,0.042657622682529955,-0.0014001814344829623,0.7618753704844567,0.6463159340200404,0.5561838743223948,0.5371867042451159,2.5873530204849096,-2.0983046065557507,-1.3477397217900038,0.04103981466726797,-0.0029818344567160236,0.7886346457974558,0.6134836898592091
2.5873530204849096,-2.0983046065557507,-1.3477397217900038,0.04103981466726797,-0.0029818344567160236,0.7886346457974558,0.6134836898592091,0.6018076607861025,0.8195077501771864,2.5398519803108073,-1.959309656224653,-1.3383185135689109,0.040889019312164925,-0.006212165749782398,0.8305626333228145,0.5553874406432489
2.5398519803108073,-1.959309656224653,-1.3383185135689109,0.040889019312164925,-0.006212165749782398,0.8305626333228145,0.5553874406432489,0.5646336330623674,0.7833824786343211,2.492063403036521,-1.8492675826345637,-1.3308867450454507,0.03946710347984729,-0.006935304816541641,0.8476760036919453,0.5289987164964258
2.492063403036521,-1.8492675826345637,-1.3308867450454507,0.03946710347984729,-0.006935304816541641,0.8476760036919453,0.5289987164964258,-0.21718351117774737,0.3629325024352117,2.51879667150244,-1.8971184763029514,-1.3345858461137619,0.03999397974839451,-0.00816885972505947,0.8653205835001592,0.49955384002689973
2.51879667150244,-1.8971184763029514,-1.3345858461137619,0.03999397974839451,-0.00816885972505947,0.8653205835001592,0.49955384002689973,0.28198278705248403,0.9260970910323163,2.4839324817382042,-1.8369739310404776,-1.3297614703135208,0.04012104903453799,-0.010861187466458906,0.9031061157725576,0.42740107590574733
2.4839324817382042,-1.8369739310404776,-1.3297614703135208,0.04012104903453799,-0.010861187466458906,0.9031061157725576,0.42740107590574733,-0.42694670481606356,-0.0032468597513624076,2.550785186785473,-1.917593925903039,-1.3374115917567333,0.04067883310764196,-0.010945372271511324,0.9049552985883935,0.42341627143938404
2.550785186785473,-1.917593925903039,-1.3374115917567333,0.04067883310764196,-0.010945372271511324,0.9049552985883935,0.42341627143938404,0.21287685729480987,0.5539807084528159,2.511639841274759,-1.8796213866537408,-1.3335062369927349,0.03955148970922082,-0.012746660941892708,0.9268615480774547,0.37309633205390536
2.511639841274759,-1.8796213866537408,-1.3335062369927349,0.03955148970922082,-0.012746660941892708,0.9268615480774547,0.37309633205390536,-0.5921185111718814,-0.7472220839937906,2.615606029436939,-1.9835594977128759,-1.3441111057125044,0.040963452265824186,-0.012560979578797376,0.922189719883127,0.38435704483249206
2.615606029436939,-1.9835594977128759,-1.3441111057125044,0.040963452265824186,-0.012560979578797376,0.922189719883127,0.38435704483249206,-0.6650930607883103,-0.6495445310328973,2.710855915563748,-2.1158045076673644,-1.3557287513060003,0.041795493854218664,-0.010505808566911235,0.902015460197006,0.42954728988252394
2.710855915563748,-2.1158045076673644,-1.3557287513060003,0.041795493854218664,-0.010505808566911235,0.902015460197006,0.42954728988252394,0.40528602926908563,0.28054883916370477,2.644210764022954,-2.0386047759040014,-1.3483673879272855,0.041171802012114365,-0.011675824834223535,0.9127442784492683,0.4062836939770537
2.644210764022954,-2.0386047759040014,-1.3483673879272855,0.041171802012114365,-0.011675824834223535,0.9127442784492683,0.4062836939770537,-0.56725938444335,-0.09305218459511377,2.73589931637489,-2.1434063453723233,-1.3584268234368904,0.041621304915503705,-0.011311943469096716,0.9121482955684732,0.4075845848454184
2.73589931637489,-2.1434063453723233,-1.3584268234368904,0.041621304915503705,-0.011311943469096716,0.9121482955684732,0.4075845848454184,-0.5775601811388031,0.47150845329485125,2.8320582052096754,-2.2486196305053054,-1.36909303576783,0.040565274157566576,-0.012664844499662235,0.9270446846053065,0.37253484802279724
2.8320582052096754,-2.2486196305053054,-1.36909303576783,0.040565274157566576,-0.012664844499662235,0.9270446846053065,0.37253484802279724,-0.29311402902655925,-0.49511795089854904,2.8823581039520523,-2.3027263104310065,-1.37451486550578,0.04062896643511197,-0.011367776516701062,0.9096149868023408,0.4133045324310614
2.8823581039520523,-2.3027263104310065,-1.37451486550578,0.04062896643511197,-0.011367776516701062,0.9096149868023408,0.4133045324310614,0.7746103995176383,0.33910129895554975,2.7599898045827875,-2.171274952689572,-1.3613776229124752,0.04089035651978375,-0.011454872668131905,0.9164879556434155,0.3978022018496061
2.7599898045827875,-2.171274952689572,-1.3613776229124752,0.04089035651978375,-0.011454872668131905,0.9164879556434155,0.3978022018496061,-0.11487577270616356,0.4459113712010734,2.7682726774896076,-2.2013516684869217,-1.363221422313285,0.04062776108287836,-0.012631876912540922,0.9304885306031664,0.3638418820463352
2.7682726774896076,-2.2013516684869217,-1.363221422313285,0.04062776108287836,-0.012631876912540922,0.9304885306031664,0.3638418820463352,0.5448009250468695,-0.8859421229970357,2.6828122389478057,-2.109388733664342,-1.3537854947057388,0.04148075337985639,-0.012303644987485597,0.9253354405745945,0.37667265607644335
2.6828122389478057,-2.109388733664342,-1.3537854947057388,0.04148075337985639,-0.012303644987485597,0.9253354405745945,0.37667265607644335,-0.8812108620749708,0.1395290759552168,2.819607501526285,-2.2364056040325955,-1.3678128270884065,0.040532476453569895,-0.012848827689551572,0.9300137466527739,0.36505678601611424
2.819607501526285,-2.2364056040325955,-1.3678128270884065,0.040532476453569895,-0.012848827689551572,0.9300137466527739,0.36505678601611424,0.08560736761531063,-0.6233660975523063,2.8067939057304536,-2.2253002629636485,-1.3665634980982648,0.040903795209581505,-0.011301249531324052,0.9133706047551422,0.4049114713930799
2.8067939057304536,-2.2253002629636485,-1.3665634980982648,0.040903795209581505,-0.011301249531324052,0.9133706047551422,0.4049114713930799,0.9110100281897684,-0.1354548608280306,2.682399594513715,-2.085743696000484,-1.352721585483758,0.04120860607399993,-0.011568544282378891,0.9141348352336475,0.40314454303757696
2.682399594513715,-2.085743696000484,-1.352721585483758,0.04120860607399993,-0.011568544282378891,0.9141348352336475,0.40314454303757696,0.3793614427794152,0.5304267704901693,2.621003442268149,-2.02072453293073,-1.3461759450954172,0.04107404925525002,-0.0128715936471059,0.929839285051205,0.3654396646920326
2.621003442268149,-2.02072453293073,-1.3461759450954172,0.04107404925525002,-0.0128715936471059,0.929839285051205,0.3654396646920326,0.3589515624203845,-0.9706563773590733,2.5686069262666367,-1.9862540558366313,-1.3413318300609338,0.041782051368442825,-0.011880463191636166,0.9172699923607258,0.3958899795301101
2.5686069262666367,-1.9862540558366313,-1.3413318300609338,0.041782051368442825,-0.011880463191636166,0.9172699923607258,0.3958899795301101,0.8684458806025834,-0.153576199159271,2.4404495294979047,-1.8441016268157515,-1.3281980753026452,0.03871439195446909,-0.010897132233034793,0.9136565717587172,0.4044924192698792
2.4404495294979047,-1.8441016268157515,-1.3281980753026452,0.03871439195446909,-0.010897132233034793,0.9136565717587172,0.4044924192698792,-0.5915523058342098,0.7304634084496455,2.5474084545288473,-1.9437581085497893,-1.3369098053325006,0.0432907292427166,-0.014741090571035344,0.9358258750004455,0.34948325380490125
2.5474084545288473,-1.9437581085497893,-1.3369098053325006,0.0432907292427166,-0.014741090571035344,0.9358258750004455,0.34948325380490125,-0.7624528656245708,0.4589073252430127,2.7111196308403973,-2.068487642653784,-1.3536471031988897,0.04093085945878117,-0.01369602842740627,0.9354458114123241,0.3508250524982784
2.7111196308403973,-2.068487642653784,-1.3536471031988897,0.04093085945878117,-0.01369602842740627,0.9354458114123241,0.3508250524982784,-0.7146495128671422,-0.2181052450486698,2.840056973203302,-2.1806087410382946,-1.3663101898878718,0.04053875913238503,-0.01368074399676755,0.9339203663389319,0.354911532059831
2.840056973203302,-2.1806087410382946,-1.3663101898878718,0.04053875913238503,-0.01368074399676755,0.9339203663389319,0.354911532059831,0.619133324499612,0.6714146936414866,2.7111526531615975,-2.0930830096063766,-1.3547146714476201,0.040560993457187874,-0.015156029275159561,0.9519509811064767,0.3031739272378034
2.7111526531615975,-2.0930830096063766,-1.3547146714476201,0.040560993457187874,-0.015156029275159561,0.9519509811064767,0.3031739272378034,0.23015695423623939,0.5966573256608336,2.6841083832383847,-2.072274852501401,-1.3522732369141637,0.0404431030870559,-0.015361882177113605,0.9544776266054689,0.2951284945549268
2.6841083832383847,-2.072274852501401,-1.3522732369141637,0.0404431030870559,-0.015361882177113605,0.9544776266054689,0.2951284945549268,-0.5589945148989617,-0.353442922862371,2.7904235350347273,-2.1525600567111476,-1.362230824022094,0.04002081185854808,-0.014962510440718644,0.9497024187939653,0.3102253594346951
2.7904235350347273,-2.1525600567111476,-1.362230824022094,0.04002081185854808,-0.014962510440718644,0.9497024187939653,0.3102253594346951,0.1985650790060376,-0.8299559394612588,2.7380581540987037,-2.099809072365653,-1.3565334034776255,0.041062391554329725,-0.014287318296769252,0.943102529844628,0.3296473429839657
2.7380581540987037,-2.099809072365653,-1.3565334034776255,0.041062391554329725,-0.014287318296769252,0.943102529844628,0.3296473429839657,-0.9538964372381318,0.9784505369849057,2.8849411880854166,-2.194504520739673,-1.3696956733182313,0.039314544309100766,-0.01675723993709267,0.9613407792296096,0.2720247556853338
2.8849411880854166,-2.194504520739673,-1.3696956733182313,0.039314544309100766,-0.01675723993709267,0.9613407792296096,0.2720247556853338,0.42811033783986163,0.3929755336249441,2.781202360825733,-2.147712840122338,-1.3614824394960903,0.039280134955259866,-0.017110153240234502,0.9684576922395538,0.24546692648100282
2.781202360825733,-2.147712840122338,-1.3614824394960903,0.039280134955259866,-0.017110153240234502,0.9684576922395538,0.24546692648100282,0.23780979570204774,-0.8682002621965352,2.71948302612346,-2.1070153788656,-1.3559226074184618,0.040278032600605015,-0.015545781858508387,0.9573903375053251,0.28555165978798325
2.71948302612346,-2.1070153788656,-1.3559226074184618,0.040278032600605015,-0.015545781858508387,0.9573903375053251,0.28555165978798325,0.6751784111215671,0.916816220601828,2.6093981753035935,-2.0296251953749884,-1.3458469867738987,0.040104389931678065,-0.01608596132751247,0.9614380830044557,0.2716057663325565
2.6093981753035935,-2.0296251953749884,-1.3458469867738987,0.040104389931678065,-0.01608596132751247,0.9614380830044557,0.2716057663325565,0.7857748545149548,0.2546090731147974,2.442053603180739,-1.9416514352969005,-1.3323402590683948,0.03716197595316651,-0.015463966645994401,0.9669361403060502,0.2518220678353395
2.442053603180739,-1.9416514352969005,-1.3323402590683948,0.03716197595316651,-0.015463966645994401,0.9669361403060502,0.2518220678353395,0.2548646437612152,0.6069739120581406,2.409457871371722,-1.9179454053969822,-1.3294387726011374,0.03662420391776089,-0.015273639219449556,0.9705885809840806,0.2374514478702818
2.409457871371722,-1.9179454053969822,-1.3294387726011374,0.03662420391776089,-0.015273639219449556,0.9705885809840806,0.2374514478702818,-0.8371564921503163,-0.7983901110472347,2.5687794156945905,-2.014845099258458,-1.3430396348278195,0.03982106784806901,-0.01471231231428785,0.9511994548728022,0.30564264668316504
2.5687555301395486,-2.0148279128442175,-1.3430373821560624,0.03982084601516585,-0.014712992210154752,0.9511998323141374,0.30564146820812343,0.12961462962836334,0.20108353302340687,2.5349274605352905,-1.9972600104471092,-1.3402275941687058,0.03953364743066347,-0.015090262619769167,0.9539680873515414,0.2969078358847006
2.5349274605352905,-1.9972600104471092,-1.3402275941687058,0.03953364743066347,-0.015090262619769167,0.9539680873515414,0.2969078358847006,-0.35121983780304866,0.3931364693717663,2.600511653983058,-2.0506036273685306,-1.3463193248548218,0.04026786166068155,-0.016050337547620294,0.9615455532813668,0.27120294052003524
2.600511653983058,-2.0506036273685306,-1.3463193248548218,0.04026786166068155,-0.016050337547620294,0.9615455532813668,0.27120294052003524,0.23194026450522176,0.4422463371079701,2.5441101075627657,-2.033512201882516,-1.3423576672002293,0.03885525259848234,-0.016329028118123187,0.9699386512922276,0.23967195270961555
2.5441101075627657,-2.033512201882516,-1.3423576672002293,0.03885525259848234,-0.016329028118123187,0.9699386512922276,0.23967195270961555,0.17813585930802667,0.8259628876042344,2.519647034207126,-2.0130369927610516,-1.3399398122735973,0.03738909222002279,-0.01739556394622307,0.9792733200221109,0.19830081903720884
2.519647034207126,-2.0130369927610516,-1.3399398122735973,0.03738909222002279,-0.01739556394622307,0.9792733200221109,0.19830081903720884,-0.6899372243455348,-0.4978872073733258,2.6686562604723476,-2.0849668733065227,-1.3519904133378302,0.039552783935304515,-0.01733653205777562,0.9735602247130023,0.22431119186510814
2.6686562604723476,-2.0849668733065227,-1.3519904133378302,0.039552783935304515,-0.01733653205777562,0.9735602247130023,0.22431119186510814,0.06457206092257106,0.9207397300399991,2.6400271733240515,-2.0734536985599243,-1.3317097107854423,0.05930032948440706,0.002783788375661003,0.9792386952431009,0.19382285516396006
2.6400271733240515,-2.0734536985599243,-1.3317097107854423,0.05930032948440706,0.002783788375661003,0.9792386952431009,0.19382285516396006,-0.5926943672916731,0.6715964638059633,2.7651273480377614,-2.1225059867877825,-1.3593472747025614,0.03845631592089443,-0.0196172073455709,0.9852291401412576,0.16571004302175327
2.7651273480377614,-2.1225059867877825,-1.3593472747025614,0.03845631592089443,-0.0196172073455709,0.9852291401412576,0.16571004302175327,0.007457080508977976,-0.3692385264445883,2.775979416432659,-2.1287531393250205,-1.3602392797496525,0.03860957299565619,-0.01939751701545598,0.9834889813082345,0.17573406286778742
2.775979416432659,-2.1287531393250205,-1.3602392797496525,0.03860957299565619,-0.01939751701545598,0.9834889813082345,0.17573406286778742,-0.4480763779083241,-0.23554720164141218,2.880764700330198,-2.1715682638563263,-1.368485058719525,0.038099205179911624,-0.01900533300123104,0.9794748879155405,0.19701825251740193
2.880764700330198,-2.1715682638563263,-1.368485058719525,0.038099205179911624,-0.01900533300123104,0.9794748879155405,0.19701825251740193,-0.400293358215946,0.6116702681587634,2.9599230858852117,-2.2023893040232814,-1.3744855918384813,0.03713059175572208,-0.01960886833043822,0.9840910561393694,0.17263141274162666
2.9599230858852117,-2.2023893040232814,-1.3744855918384813,0.03713059175572208,-0.01960886833043822,0.9840910561393694,0.17263141274162666,-0.39531406774165556,-0.006262490548158306,3.05185830674065,-2.236195401559388,-1.3811876647401864,0.03696261678190359,-0.02004056102378308,0.9836574372751693,0.17507194797491885
3.05185830674065,-2.236195401559388,-1.3811876647401864,0.03696261678190359,-0.02004056102378308,0.9836574372751693,0.17507194797491885,0.8657066843596479,0.9189599712550658,2.843415606556075,-2.186695086836362,-1.3669983021739847,0.03707002878928102,-0.02064054741028776,0.991218360985921,0.12524352922426765
2.843415606556075,-2.186695086836362,-1.3669983021739847,0.03707002878928102,-0.02064054741028776,0.991218360985921,0.12524352922426765,-0.5956348604448392,0.6257553994428913,2.965046547217518,-2.221773871901051,-1.3755161143261838,0.036193737098409236,-0.020822138072748186,0.9927160237186442,0.11301038984613233
2.965046547217518,-2.221773871901051,-1.3755161143261838,0.036193737098409236,-0.020822138072748186,0.9927160237186442,0.11301038984613233,0.4688107250344695,-0.1447899503906116,2.8460037119328754,-2.192358693802427,-1.367328177657787,0.03714374752702709,-0.02038042977601972,0.9908516559238535,0.12813265022916978
2.8460037119328754,-2.192358693802427,-1.367328177657787,0.03714374752702709,-0.02038042977601972,0.9908516559238535,0.12813265022916978,0.32538288388520153,-0.06927042005802586,2.773941697354498,-2.171030510174074,-1.3621648722838136,0.037837158627011466,-0.019978355234156815,0.9886146907982135,0.1442574361588511
2.773941697354498,-2.171030510174074,-1.3621648722838136,0.037837158627011466,-0.019978355234156815,0.9886146907982135,0.1442574361588511,0.6690945354301405,-0.5208649937434568,2.6264775657340436,-2.1201882065782556,-1.3512664247989778,0.03822218128108821,-0.01881569631418785,0.9852848526901758,0.16552580913448625
2.6264775657340436,-2.1201882065782556,-1.3512664247989778,0.03822218128108821,-0.01881569631418785,0.9852848526901758,0.16552580913448625,-0.0733697599935903,-0.7667401628533301,2.642507899889535,-2.126867893463295,-1.3524616485768015,0.039450777793215965,-0.01682286231006574,0.9731246909604505,0.22624978072549445
2.642507899889535,-2.126867893463295,-1.3524616485768015,0.039450777793215965,-0.01682286231006574,0.9731246909604505,0.22624978072549445,-0.3704707463804593,-0.17682495979367086,2.7252572149728684,-2.1700656038836486,-1.3593412666794502,0.03921905782066533,-0.016688192202348653,0.969483680803761,0.24142237344510542
2.7252572149728684,-2.1700656038836486,-1.3593412666794502,0.03921905782066533,-0.016688192202348653,0.969483680803761,0.24142237344510542,0.4570060882416207,0.4522984652049069,2.6329892033872624,-2.1240205216762384,-1.3518389507592992,0.03934577735117528,-0.01673416581450177,0.9730487372110473,0.22660104260817227
2.6329892033872624,-2.1240205216762384,-1.3518389507592992,0.03934577735117528,-0.01673416581450177,0.9730487372110473,0.22660104260817227,0.14225273974836328,-0.2566256902589501,2.5980976465174925,-2.1065483801378675,-1.3489402702932831,0.03969834537543677,-0.0160641522204217,0.9681422952114854,0.24671133052725555
2.5980976465174925,-2.1065483801378675,-1.3489402702932831,0.03969834537543677,-0.0160641522204217,0.9681422952114854,0.24671133052725555,0.47481607494633615,0.3872706491426725,2.4894588529837947,-2.063323041894423,-1.3405293957970048,0.0384392929304539,-0.016655326854936987,0.9748060309948929,0.21908496703869448
2.4894588529837947,-2.063323041894423,-1.3405293957970048,0.0384392929304539,-0.016655326854936987,0.9748060309948929,0.21908496703869448,-0.3232441390546996,0.8807474951072296,2.5734031469996803,-2.0877879523596587,-1.346540003293936,0.037852483910577925,-0.01870414873719671,0.9851180190607584,0.16661282304679823
2.5734031469996803,-2.0877879523596587,-1.346540003293936,0.037852483910577925,-0.01870414873719671,0.9851180190607584,0.16661282304679823,0.5621998842269149,0.7978317201039635,2.462556043384099,-2.054332836701767,-1.3384946622183909,0.03644522850388764,-0.01803809340521913,0.9873225408215291,0.1534293742779521
2.462556043384099,-2.054332836701767,-1.3384946622183909,0.03644522850388764,-0.01803809340521913,0.9873225408215291,0.1534293742779521,0.12193974640324923,0.2853203662808652,2.4334147548279694,-2.0500329300939355,-1.330519241343387,0.04913763678599599,-0.01951865074666385,0.9885161634647157,0.14156380008009373
2.4334147548279694,-2.0500329300939355,-1.330519241343387,0.04913763678599599,-0.01951865074666385,0.9885161634647157,0.14156380008009373,0.9856321014383116,-0.5819780357763793,2.2527632334891154,-1.9824913657049628,-1.3241306627372673,0.0356613370603794,-0.016056400077876086,0.9830793813731072,0.17895639405920613
2.2527632334891154,-1.9824913657049628,-1.3241306627372673,0.0356613370603794,-0.016056400077876086,0.9830793813731072,0.17895639405920613,-0.41291361187236353,0.09814723684856408,2.34958341619696,-2.017917319099203,-1.3306511881001457,0.03659590831532628,-0.016813712819277318,0.9832265026254532,0.17788671420521193
2.34958341619696,-2.017917319099203,-1.3306511881001457,0.03659590831532628,-0.016813712819277318,0.9832265026254532,0.17788671420521193,-0.9670408799903736,-0.7998988013902346,2.5087479689532537,-2.078911352992079,-1.3423733084030338,0.03873959745117413,-0.016729699302852438,0.9745514597481506,0.2201563377541193
2.5087479689532537,-2.078911352992079,-1.3423733084030338,0.03873959745117413,-0.016729699302852438,0.9745514597481506,0.2201563377541193,0.8045428865323183,0.5524765105529037,2.3501186576367554,-2.0103021846239537,-1.3303516879951258,0.03687317101263337,-0.01618398879693745,0.979057525140147,0.19956154497433654
2.3501186576367554,-2.0103021846239537,-1.3303516879951258,0.03687317101263337,-0.01618398879693745,0.979057525140147,0.19956154497433654,-0.4239148325441069,-0.9681482017665091,2.438281231444098,-2.0469647931458397,-1.3370233513062795,0.03876741676949998,-0.015510062776638254,0.9650775672696237,0.2586151861407786
2.438281231444098,-2.0469647931458397,-1.3370233513062795,0.03876741676949998,-0.015510062776638254,0.9650775672696237,0.2586151861407786,-0.3088901101762471,-0.028597266490952622,2.503338104524808,-2.0849224615331803,-1.3424622030845499,0.039428295785319326,-0.015383342501134793,0.9646460725501247,0.2601282702410058
2.503338104524808,-2.0849224615331803,-1.3424622030845499,0.039428295785319326,-0.015383342501134793,0.9646460725501247,0.2601282702410058,0.2623151051025685,-0.7131115216291966,2.4561060089981157,-2.0384649272814914,-1.3375747357282577,0.04008131860886696,-0.013564459477644264,0.946389828927866,0.3202433216158273
2.4561060089981157,-2.0384649272814914,-1.3375747357282577,0.04008131860886696,-0.013564459477644264,0.946389828927866,0.3202433216158273,-0.039262808654296544,-0.5087075361993296,2.462642968233211,-2.043267493677804,-1.3382898372193126,0.04052553797584077,-0.011883810206001849,0.9320541989557491,0.35984917123110516
2.462642968233211,-2.043267493677804,-1.3382898372193126,0.04052553797584077,-0.011883810206001849,0.9320541989557491,0.35984917123110516,0.5299747049147188,-0.2962942956446357,2.369723363338321,-1.9552450406348418,-1.329035896167097,0.03956757264690433,-0.010942427634034815,0.9214791954448611,0.3862522010741135
2.369723363338321,-1.9552450406348418,-1.329035896167097,0.03956757264690433,-0.010942427634034815,0.9214791954448611,0.3862522010741135,-0.17106834563195217,-0.9860332734112942,2.399143777621514,-2.007154110618802,-1.3328920102941082,0.04031757386924644,-0.009243129707506155,0.8981522780734037,0.4377345579024615
2.399143777621514,-2.007154110618802,-1.3328920102941082,0.04031757386924644,-0.009243129707506155,0.8981522780734037,0.4377345579024615,0.09879233754338945,0.375324799813455,2.384754127540396,-1.9901106935753134,-1.331338454528022,0.040194780715146775,-0.010178226912968859,0.9111045379137784,0.4100845087211776
2.384754127540396,-1.9901106935753134,-1.331338454528022,0.040194780715146775,-0.010178226912968859,0.9111045379137784,0.4100845087211776,-0.8322319542683212,0.2179182710915235,2.512672579713731,-2.1264420813046234,-1.3448525407119964,0.04110856545655909,-0.010715422643990136,0.9191882876423952,0.391520315468694
2.512672579713731,-2.1264420813046234,-1.3448525407119964,0.04110856545655909,-0.010715422643990136,0.9191882876423952,0.391520315468694,-0.7239716386689143,0.06435547096803318,2.6411211891870026,-2.2561011430975224,-1.358294309123583,0.04133392363904158,-0.010755998508991827,0.9209278585284847,0.38738571816577794
2.6411211891870026,-2.2561011430975224,-1.358294309123583,0.04133392363904158,-0.010755998508991827,0.9209278585284847,0.38738571816577794,0.21906244598729852,-0.81908046613889,2.6038939740593356,-2.2327671900988806,-1.3550310026128969,0.041514981620570345,-0.00898991460803527,0.8998818819505439,0.434060233462513
2.6038939740593356,-2.2327671900988806,-1.3550310026128969,0.041514981620570345,-0.00898991460803527,0.8998818819505439,0.434060233462513,-0.21333206481134948,0.7851221990001038,2.6379272293001,-2.273008331450971,-1.3589424944094075,0.04125564888125846,-0.011123419000882194,0.9273851112493857,0.37165992038163265
2.6379272293001,-2.273008331450971,-1.3589424944094075,0.04125564888125846,-0.011123419000882194,0.9273851112493857,0.37165992038163265,-0.8111169571628569,0.5282126131310076,2.7827558332096256,-2.386730990897264,-1.3726812559252757,0.04018668633735907,-0.012552945379978886,0.9398151993465366,0.33907940792790675
2.7827558332096256,-2.386730990897264,-1.3726812559252757,0.04018668633735907,-0.012552945379978886,0.9398151993465366,0.33907940792790675,-0.28373587583420457,-0.8277069161510262,2.836464642447651,-2.4364812795207706,-1.3781539462181023,0.041917325080644066,-0.0104809326775196,0.9165201947307636,0.3976478599954689
2.836464642447651,-2.4364812795207706,-1.3781539462181023,0.041917325080644066,-0.0104809326775196,0.9165201947307636,0.3976478599954689,-0.5007200066609725,-0.8654420943547834,2.907533514455925,-2.531918726720888,-1.3867599262365786,0.042389761167493205,-0.009287919403671447,0.8997391854526556,0.4342651734393464
2.907533514455925,-2.531918726720888,-1.3867599262365786,0.042389761167493205,-0.009287919403671447,0.8997391854526556,0.4342651734393464,0.855702040913914,-0.5482330956391572,2.8063570910422047,-2.3885506841507476,-1.374086747109453,0.04198256160293041,-0.008961763007369778,0.891672893550162,0.45064021373257124
2.8063570910422047,-2.3885506841507476,-1.374086747109453,0.04198256160293041,-0.008961763007369778,0.891672893550162,0.45064021373257124,0.9628393629507568,-0.06615934319353212,2.6973513899609833,-2.2395116067424357,-1.360819100340441,0.041420138573962643,-0.008850640508665096,0.8909864777458001,0.45204992507159303
2.6973513899609833,-2.2395116067424357,-1.360819100340441,0.041420138573962643,-0.008850640508665096,0.8909864777458001,0.45204992507159303,0.6710237651311113,0.204475785840891,2.600492642422459,-2.1093730403771698,-1.3489122743117459,0.04135567864458348,-0.009934321933648696,0.8953086310405022,0.44341117743686465
2.600492642422459,-2.1093730403771698,-1.3489122743117459,0.04135567864458348,-0.009934321933648696,0.8953086310405022,0.44341117743686465,0.9665708328510272,0.3881575869456648,2.4824931445496023,-1.9677643055729466,-1.3359664430007288,0.0406965747025088,-0.0102779614350822,0.9068349102658554,0.419390746010615
2.4824931445496023,-1.9677643055729466,-1.3359664430007288,0.0406965747025088,-0.0102779614350822,0.9068349102658554,0.419390746010615,-0.7470080190112713,-0.32238935659674817,2.5994879562026108,-2.110510209169243,-1.3491958142734002,0.041449512667736,-0.009836594114627374,0.9019079702670106,0.42982228011664575
2.5994879562026108,-2.110510209169243,-1.3491958142734002,0.041449512667736,-0.009836594114627374,0.9019079702670106,0.42982228011664575,-0.9581716788047514,0.22066672293023726,2.7231920672086423,-2.2504160631326537,-1.3629460420420374,0.041170208218267806,-0.010169800852081962,0.909065376402156,0.41448972307247856
2.7231920672086423,-2.2504160631326537,-1.3629460420420374,0.041170208218267806,-0.010169800852081962,0.909065376402156,0.41448972307247856,0.8952822662541393,0.16280593815902122,2.6019937576984153,-2.1139575667228363,-1.3493720397629538,0.041388905290036845,-0.010924622078417132,0.9118839473049827,0.40820984529873827
2.6019937576984153,-2.1139575667228363,-1.3493720397629538,0.041388905290036845,-0.010924622078417132,0.9118839473049827,0.40820984529873827,-0.6509192349214352,-0.4565201546863271,2.695151716864901,-2.2307320172313876,-1.360357985913816,0.0413076905958042,-0.009932828127385806,0.9065981293825279,0.41985098001926124
2.695151716864901,-2.2307320172313876,-1.360357985913816,0.0413076905958042,-0.009932828127385806,0.9065981293825279,0.41985098001926124,0.8156621608828962,-0.23996295957981806,2.582023054027184,-2.080283807912946,-1.3466858444537042,0.04121288741098322,-0.009891141235388664,0.8994091987167814,0.43504799332941263
2.582023054027184,-2.080283807912946,-1.3466858444537042,0.04121288741098322,-0.009891141235388664,0.8994091987167814,0.43504799332941263,-0.7134834743203662,-0.9251334182196973,2.6706691124108497,-2.2271707203766584,-1.3587346036203733,0.04181645933837968,-0.007172766893135369,0.8705758425149999,0.49020162950850804
2.6706691124108497,-2.2271707203766584,-1.3587346036203733,0.04181645933837968,-0.007172766893135369,0.8705758425149999,0.49020162950850804,0.3990612060765213,0.37119373486604945,2.6190556550943827,-2.143244369066799,-1.3517312367007004,0.04128954853520489,-0.00866264346549601,0.8846270102700933,0.4643868909546705
2.6190556550943827,-2.143244369066799,-1.3517312367007004,0.04128954853520489,-0.00866264346549601,0.8846270102700933,0.4643868909546705,-0.08934928099916095,0.7205344111602476,2.62871113493299,-2.1562591577899113,-1.353000707633601,0.04125580102862948,-0.0106555011834122,0.914617037165425,0.40206976322866667
2.62871113493299,-2.1562591577899113,-1.353000707633601,0.04125580102862948,-0.0106555011834122,0.914617037165425,0.40206976322866667,-0.866719985246635,0.3108291772307734,2.758789962761295,-2.2874755741666895,-1.3667525579933357,0.04071061855054922,-0.01157373661652193,0.9244383265187505,0.3789755593981955
2.758789962761295,-2.2874755741666895,-1.3667525579933357,0.04071061855054922,-0.01157373661652193,0.9244383265187505,0.3789755593981955,0.042251820568897536,0.9107826738102069,2.7298162479944863,-2.303169587926427,-1.365744654025839,0.040427998193938025,-0.013651386726059481,0.949535075669512,0.3107448417524909
2.7298162479944863,-2.303169587926427,-1.365744654025839,0.040427998193938025,-0.013651386726059481,0.949535075669512,0.3107448417524909,0.6657082072316989,-0.4909521650085469,2.603690152547231,-2.204363428389162,-1.3537909027040123,0.04069492018493914,-0.012810703693432249,0.9443199926745918,0.3262507636421402
2.603690152547231,-2.204363428389162,-1.3537909027040123,0.04069492018493914,-0.012810703693432249,0.9443199926745918,0.3262507636421402,0.22168071040408988,0.29563280392555646,2.5659334161724408,-2.176840744228888,-1.3502927376980034,0.04083424579702997,-0.01308519894582373,0.9475759487150763,0.31664043228156924
2.5659334161724408,-2.176840744228888,-1.3502927376980034,0.04083424579702997,-0.01308519894582373,0.9475759487150763,0.31664043228156924,0.6314083013021647,0.7014326982863031,2.4500891769253816,-2.092573753576898,-1.3397613359091032,0.039740388101307984,-0.014146792252988767,0.9576219038509381,0.2849225492785939
2.4500891769253816,-2.092573753576898,-1.3397613359091032,0.039740388101307984,-0.014146792252988767,0.9576219038509381,0.2849225492785939,-0.5721139338851522,0.6785887046159496,2.579917134351156,-2.152646998269601,-1.3499372861966403,0.03977272140318644,-0.016186430557987658,0.9722769981692285,0.22985553926109775
2.579917134351156,-2.152646998269601,-1.3499372861966403,0.03977272140318644,-0.016186430557987658,0.9722769981692285,0.22985553926109775,0.8129646195097489,-0.5470152378780595,2.4209897356538272,-2.047211722748805,-1.335945914955091,0.039014909750774956,-0.01486205644145044,0.9619669225643778,0.2699566557569762
2.4209897356538272,-2.047211722748805,-1.335945914955091,0.039014909750774956,-0.01486205644145044,0.9619669225643778,0.2699566557569762,-0.024455645253762093,0.4105301908768826,2.4283757109548296,-2.050989927629767,-1.336489379885193,0.03850895933236406,-0.015772670162351857,0.969758732477208,0.24049175393615224
2.4283757109548296,-2.050989927629767,-1.336489379885193,0.03850895933236406,-0.015772670162351857,0.969758732477208,0.24049175393615224,-0.8538355141067817,0.2702057280595911,2.601044750627527,-2.1229279220708697,-1.3498107546861478,0.03938576514173624,-0.016990328798960244,0.9752709114601764,0.21681037680687684
2.601044750627527,-2.1229279220708697,-1.3498107546861478,0.03938576514173624,-0.016990328798960244,0.9752709114601764,0.21681037680687684,-0.4496844685805774,0.8217780355774844,2.6880753606344268,-2.1760493159354355,-1.3573595008319461,0.03858015284655779,-0.018540855494364062,0.9840194911862578,0.17283937470788258
2.6880753606344268,-2.1760493159354355,-1.3573595008319461,0.03858015284655779,-0.018540855494364062,0.9840194911862578,0.17283937470788258,-0.5831322905731733,0.8367180805446865,2.8172913738196588,-2.2168160707356126,-1.366873019690356,0.03733774565502759,-0.02044834237995946,0.990752961308686,0.128826735196472
2.8172913738196588,-2.2168160707356126,-1.366873019690356,0.03733774565502759,-0.02044834237995946,0.990752961308686,0.128826735196472,0.0013025208854391401,0.07054777601438422,2.809271957548906,-2.2145948230064474,-1.3663027052061627,0.037383627912904706,-0.020333231454426576,0.990424103436569,0.13133590291522992
2.809271957548906,-2.2145948230064474,-1.3663027052061627,0.037383627912904706,-0.020333231454426576,0.990424103436569,0.13133590291522992,-0.6839764298230202,0.2904494355336624,2.9736368422187596,-2.2529677314761245,-1.3776157878181983,0.03592538093859401,-0.020874545184294973,0.9926890096416127,0.11332321255823885
2.9736368422187596,-2.2529677314761245,-1.3776157878181983,0.03592538093859401,-0.020874545184294973,0.9926890096416127,0.11332321255823885,-0.6347258956218045,0.7755294242167696,3.102676786077221,-2.2802369625620864,-1.3863323906887572,0.03487727224890972,-0.021225970434195187,0.9923492583409618,0.11651602263098894
3.102676786077221,-2.2802369625620864,-1.3863323906887572,0.03487727224890972,-0.021225970434195187,0.9923492583409618,0.11651602263098894,0.45609614862974257,-0.7913926516947889,2.9977201124838175,-2.242803610629187,-1.3784523505276023,0.037251335628913536,-0.019127454027647574,0.9810697997645461,0.18907280736857848
2.9977201124838175,-2.242803610629187,-1.3784523505276023,0.037251335628913536,-0.019127454027647574,0.9810697997645461,0.18907280736857848,-0.08523274308075734,-0.7696198767998585,3.024684684863277,-2.242047270188398,-1.3799522918293539,0.03784199617933462,-0.01699976610418466,0.9657645228383231,0.2560817793292453
3.024684684863277,-2.242047270188398,-1.3799522918293539,0.03784199617933462,-0.01699976610418466,0.9657645228383231,0.2560817793292453,0.8674335600736003,0.7168013633521786,2.8532489765926736,-2.172685459637258,-1.3667480320610876,0.03859627250748538,-0.018636740906858084,0.9783334379663653,0.20255044752804366
2.8532489765926736,-2.172685459637258,-1.3667480320610876,0.03859627250748538,-0.018636740906858084,0.9783334379663653,0.20255044752804366,-0.9193495112918382,0.3210156291327946,3.02760520899151,-2.2347605152186616,-1.379938716496187,0.036599981245895,-0.019305597344724038,0.9822016408648867,0.18321482463569336
3.02760520899151,-2.2347605152186616,-1.379938716496187,0.036599981245895,-0.019305597344724038,0.9822016408648867,0.18321482463569336,0.09722022481483106,0.6168916597936311,2.979756448746445,-2.2206304229432585,-1.3764566930839146,0.037193232909644235,-0.01938735987416455,0.9823069629381515,0.18252075023422357
2.979756448746445,-2.2206304229432585,-1.3764566930839146,0.037193232909644235,-0.01938735987416455,0.9823069629381515,0.18252075023422357,-0.5147862640305558,-0.05215727464690123,3.0962784161883237,-2.2678045784400225,-1.3853663555963895,0.03591282640567657,-0.018860671772782847,0.9808342549738929,0.1905746788785008
3.0962784161883237,-2.2678045784400225,-1.3853663555963895,0.03591282640567657,-0.018860671772782847,0.9808342549738929,0.1905746788785008,0.2498053068021735,-2.5941690176223275e-05,3.0358385627915867,-2.2433189850539685,-1.3806022805331264,0.03762660968359619,-0.01987794555999707,0.9794691874617054,0.19705130381994085
3.0358385627915867,-2.2433189850539685,-1.3806022805331264,0.03762660968359619,-0.01987794555999707,0.9794691874617054,0.19705130381994085,0.9948694170132031,-0.07649603216619894,2.865220745393171,-2.16848950044447,-1.367372606198841,0.03832911306614913,-0.018861700878343688,0.9787571904261072,0.20052300995329947
2.865220745393171,-2.16848950044447,-1.367372606198841,0.03832911306614913,-0.018861700878343688,0.9787571904261072,0.20052300995329947,0.5883334989139402,-0.9274786905834222,2.735924358870051,-2.096320726482424,-1.3565293693359017,0.03955364739198018,-0.016573948458246304,0.9650205157224871,0.25864303092331575
2.735924358870051,-2.096320726482424,-1.3565293693359017,0.03955364739198018,-0.016573948458246304,0.9650205157224871,0.25864303092331575,-0.3088256799019977,0.3418460975262143,2.7947944473458977,-2.1321787987306497,-1.3616056850796916,0.03912876993496064,-0.01732542204349202,0.9690570371667495,0.24309921396827458
2.7947944473458977,-2.1321787987306497,-1.3616056850796916,0.03912876993496064,-0.01732542204349202,0.9690570371667495,0.24309921396827458,0.07895895364426964,0.9882381975445591,2.772131044997701,-2.1217362868851577,-1.3597342181904613,0.038424998881449436,-0.01956220987142615,0.9848559987990897,0.16792707058528245
2.772131044997701,-2.1217362868851577,-1.3597342181904613,0.038424998881449436,-0.01956220987142615,0.9848559987990897,0.16792707058528245,-0.8875184098899649,-0.5200368530933659,2.941963043566852,-2.189345331517717,-1.3727977732385233,0.03769547533081711,-0.018920586950174508,0.9797898952790682,0.19553215499778343
2.941963043566852,-2.189345331517717,-1.3727977732385233,0.03769547533081711,-0.018920586950174508,0.9797898952790682,0.19553215499778343,0.9560669750008028,-0.052522984807395146,2.7699474547914256,-2.120221996131122,-1.3596437572326807,0.03854479052890418,-0.018748762415561573,0.9800755432240299,0.19394512781993387
2.7699474547914256,-2.120221996131122,-1.3596437572326807,0.03854479052890418,-0.018748762415561573,0.9800755432240299,0.19394512781993387,-0.2980254966557161,0.4839651746596443,2.837737566125823,-2.1442090468450337,-1.364787312138592,0.03761243822747232,-0.02021338155102163,0.9865250889644676,0.1579397750425989
2.837737566125823,-2.1442090468450337,-1.364787312138592,0.03761243822747232,-0.02021338155102163,0.9865250889644676,0.1579397750425989,0.1388308895692032,-0.24009256323884154,2.8054837037528,-2.131767793739495,-1.3622436347236007,0.03805067848858352,-0.019546289132045435,0.9842671589829595,0.17143000961132357
2.8054837037528,-2.131767793739495,-1.3622436347236007,0.03805067848858352,-0.019546289132045435,0.9842671589829595,0.17143000961132357,0.19237480194022627,0.096371301154206,2.760203640101988,-2.1160237385346568,-1.358866003177422,0.038247028618418534,-0.019583734426884568,0.9853987010222944,0.16475145574875527
2.760203640101988,-2.1160237385346568,-1.358866003177422,0.038247028618418534,-0.019583734426884568,0.9853987010222944,0.16475145574875527,-0.5749507324818874,-0.20333681022078998,2.8918760699160857,-2.1630161607254483,-1.368793816270769,0.03749585683873959,-0.019534218700606093,0.9835798646026237,0.17545120395132668
2.8918760699160857,-2.1630161607254483,-1.368793816270769,0.03749585683873959,-0.019534218700606093,0.9835798646026237,0.17545120395132668,0.15664603892007856,-0.7235703128949083,2.85380020826491,-2.150650193527745,-1.3657613013364593,0.039075027497300296,-0.018209752652399058,0.9733512166681774,0.22523089518314873
2.85380020826491,-2.150650193527745,-1.3657613013364593,0.039075027497300296,-0.018209752652399058,0.9733512166681774,0.22523089518314873,-0.6044005370555547,-0.0024814341929371153,2.990638939131203,-2.217846172235336,-1.3768968488223285,0.03766647471376422,-0.018000770518532844,0.9737460074036818,0.2237765001262763
2.990638939131203,-2.217846172235336,-1.3768968488223285,0.03766647471376422,-0.018000770518532844,0.9737460074036818,0.2237765001262763,-0.8106603020691725,-0.699353327119907,3.1472454633598055,-2.313402749097321,-1.39054208092138,0.03764173281785119,-0.017082197299412655,0.9598476263965211,0.2774596053245554
3.1472454633598055,-2.313402749097321,-1.39054208092138,0.03764173281785119,-0.017082197299412655,0.9598476263965211,0.2774596053245554,-0.5653799577676555,-0.04552051933817203,3.266619330254554,-2.389460012995664,-1.3973831004874497,0.02199551975804753,-0.01311220414984794,0.9598814471041174,0.27923444400397945
3.266619330254554,-2.389460012995664,-1.3973831004874497,0.02199551975804753,-0.01311220414984794,0.9598814471041174,0.27923444400397945,-0.8298930841364942,-0.3831959890302097,3.424183647267169,-2.4936915082799596,-1.393559314743053,-0.03985660081331034,0.006422356628787512,0.9531397338939162,0.29982470275075007
3.424183647267169,-2.4936915082799596,-1.393559314743053,-0.03985660081331034,0.006422356628787512,0.9531397338939162,0.29982470275075007,0.6474091869815071,0.7031537193287605,3.277001156081002,-2.409161127813495,-1.398382402096738,0.019764801160927013,-0.013257732608011599,0.9650557738984754,0.26096156503665097
3.277001156081002,-2.409161127813495,-1.398382402096738,0.019764801160927013,-0.013257732608011599,0.9650557738984754,0.26096156503665097,0.7477987107860145,0.5401310094106875,3.106824707693924,-2.3291372947100895,-1.3890978974097479,0.037648652127036907,-0.018347361223930134,0.973340074480836,0.22551064883676022
3.106824707693924,-2.3291372947100895,-1.3890978974097479,0.037648652127036907,-0.018347361223930134,0.973340074480836,0.22551064883676022,-0.8589310949300348,0.08837702710680118,3.2821173570070488,-2.4072219038360188,-1.398536063872707,0.01926065608723742,-0.01433798083153934,0.9739234215853343,0.22560278881316817
3.2821173570070488,-2.4072219038360188,-1.398536063872707,0.01926065608723742,-0.01433798083153934,0.9739234215853343,0.22560278881316817,0.7294250932084347,-0.541887865895923,3.127328430635708,-2.3042963008458406,-1.3885597423300815,0.03741457535878936,-0.016392416450671268,0.9630100018751926,0.2663515994357285
3.127328430635708,-2.3042963008458406,-1.3885597423300815,0.03741457535878936,-0.016392416450671268,0.9630100018751926,0.2663515994357285,-0.11731350069194568,-0.5387733324111723,3.1539327042012997,-2.3202371816958753,-1.3915443801822958,0.03993330581735901,-0.016516706784489958,0.9495493841135114,0.31062597543210024
3.1539327042012997,-2.3202371816958753,-1.3915443801822958,0.03993330581735901,-0.016516706784489958,0.9495493841135114,0.31062597543210024,0.09280657544417181,0.5180324444243163,3.13114628190576,-2.310435108446015,-1.378394843908853,0.061485278876891904,-0.019402363213433825,0.9522005460135873,0.29859207784968306
3.13114628190576,-2.310435108446015,-1.378394843908853,0.061485278876891904,-0.019402363213433825,0.9522005460135873,0.29859207784968306,0.5270328347588,0.23001488068425413,3.009820305720242,-2.244375280039373,-1.3792480489143566,0.03781067290635006,-0.01650081664239348,0.9639879995736508,0.26272649798315756
3.009820305720242,-2.244375280039373,-1.3792480489143566,0.03781067290635006,-0.01650081664239348,0.9639879995736508,0.26272649798315756,0.45970183631217987,-0.07313132923723953,2.9130746901103572,-2.187250180886296,-1.3708887772577112,0.03910519022846336,-0.01677414029349944,0.9628372248165115,0.26670937520501264
2.9130746901103572,-2.187250180886296,-1.3708887772577112,0.03910519022846336,-0.01677414029349944,0.9628372248165115,0.26670937520501264,-0.345310080928388,0.9174489269848443,2.9651836695631273,-2.238412851659448,-1.3763973182473148,0.03782609751123966,-0.018030958449023006,0.9742726309841385,0.22144279486974644
2.9651836695631273,-2.238412851659448,-1.3763973182473148,0.03782609751123966,-0.018030958449023006,0.9742726309841385,0.22144279486974644,-0.5952781439475012,0.8041354663105311,3.1019184981516448,-2.2826364868430997,-1.3864206599008115,0.03544216620849244,-0.01946298516641909,0.9850810515473589,0.167273330047593
3.1019184981516448,-2.2826364868430997,-1.3864206599008115,0.03544216620849244,-0.01946298516641909,0.9850810515473589,0.167273330047593,-0.6365735911427244,0.08591695041866987,3.2546064460671826,-2.333749027904904,-1.3946176728092279,0.021555623610718156,-0.01771650528881568,0.9863497647129599,0.1622825381296243
3.2546064460671826,-2.333749027904904,-1.3946176728092279,0.021555623610718156,-0.01771650528881568,0.9863497647129599,0.1622825381296243,0.587998169239673,-0.8206904378708553,3.1284929408839597,-2.2747468062712906,-1.3874426205171928,0.0361163963497451,-0.018577354229676178,0.9771800162260247,0.20849389370684046
3.1284929408839597,-2.2747468062712906,-1.3874426205171928,0.0361163963497451,-0.018577354229676178,0.9771800162260247,0.20849389370684046,-0.7553457172197995,-0.8641112905175119,3.2882774837428896,-2.3648159502781927,-1.3975621216790928,0.02252757255660479,-0.013768236800193777,0.9636227191317337,0.26595901808978883
3.2882774837428896,-2.3648159502781927,-1.3975621216790928,0.02252757255660479,-0.013768236800193777,0.9636227191317337,0.26595901808978883,0.09394681419335726,0.080683245728848,3.2662341310512693,-2.3526569982101573,-1.3965130694237318,0.02642574661242333,-0.01477397067496018,0.9645486987302635,0.2621625783444822
3.2662341310512693,-2.3526569982101573,-1.3965130694237318,0.02642574661242333,-0.01477397067496018,0.9645486987302635,0.2621625783444822,0.6077823325707408,0.31617701956922684,3.140952265640902,-2.2830333945660293,-1.3881755490315424,0.036243080536132004,-0.01674913692224601,0.9658517402301839,0.2560006277725439
3.140952265640902,-2.2830333945660293,-1.3881755490315424,0.036243080536132004,-0.01674913692224601,0.9658517402301839,0.2560006277725439,0.1882250919422772,0.7300233502074465,3.104315179650702,-2.2535968310359746,-1.385082560354008,0.0359641050185544,-0.019083568603301685,0.9809822015900309,0.18977966361850676
3.104315179650702,-2.2535968310359746,-1.385082560354008,0.0359641050185544,-0.019083568603301685,0.9809822015900309,0.18977966361850676,0.396951647369828,0.4276378702944319,3.018758089625359,-2.2178940482062925,-1.3784475855690357,0.03667823926490051,-0.01977445004466078,0.9857778665003164,0.16280563813315063
3.018758089625359,-2.2178940482062925,-1.3784475855690357,0.03667823926490051,-0.01977445004466078,0.9857778665003164,0.16280563813315063,-0.2756496816299874,-0.26958560349650074,3.086831701601504,-2.23594185386849,-1.3833867595583573,0.03597525864912199,-0.019403059121725845,0.9818385305946299,0.1852630613522986
3.086831701601504,-2.23594185386849,-1.3833867595583573,0.03597525864912199,-0.019403059121725845,0.9818385305946299,0.1852630613522986,0.6940188757199715,-0.09710813221311354,2.9278953851182985,-2.1704446619443774,-1.370659187317778,0.03897749572009375,-0.01968046777435521,0.9801838424271739,0.19321767274313592
2.9278953851182985,-2.1704446619443774,-1.370659187317778,0.03897749572009375,-0.01968046777435521,0.9801838424271739,0.19321767274313592,0.391224946198409,-0.3121770936573689,2.8411475611698505,-2.124602438436381,-1.3638792249322331,0.03887443007334399,-0.01855708254508176,0.9749314559542168,0.21829583038821124
2.8411475611698505,-2.124602438436381,-1.3638792249322331,0.03887443007334399,-0.01855708254508176,0.9749314559542168,0.21829583038821124,0.15921558803476432,0.39541931832935173,2.8060736212654422,-2.1086490377070666,-1.3612386432985566,0.038226993170636964,-0.019394961280877962,0.9822073325063515,0.18284225015242714
2.8060736212654422,-2.1086490377070666,-1.3612386432985566,0.038226993170636964,-0.019394961280877962,0.9822073325063515,0.18284225015242714,0.5085143479451806,-0.96650095102748,2.695257366233564,-2.048713232255248,-1.3518035133726434,0.04007703385080128,-0.016622234953870302,0.9648136331121396,0.2593302643807962
2.695257366233564,-2.048713232255248,-1.3518035133726434,0.04007703385080128,-0.016622234953870302,0.9648136331121396,0.2593302643807962,0.8074538840092933,-0.06977601809092504,2.5385914392797138,-1.9536096988310083,-1.33847954991574,0.038629170083004254,-0.01640865426272115,0.9633745024642277,0.2648548872227707
2.5385914392797138,-1.9536096988310083,-1.33847954991574,0.038629170083004254,-0.01640865426272115,0.9633745024642277,0.2648548872227707,0.017095280056490303,-0.8548609281147663,2.527714936936833,-1.9560878115970917,-1.3379242122290502,0.039733809061351905,-0.01401922359608067,0.9426427618224891,0.33113337097144
2.527714936936833,-1.9560878115970917,-1.3379242122290502,0.039733809061351905,-0.01401922359608067,0.9426427618224891,0.33113337097144,-0.38063107511670724,-0.10912852761394065,2.6011871034166814,-2.01839597313607,-1.3449314702806263,0.040972679413164376,-0.01355454446760026,0.9392278176649761,0.3405710210664853
2.6011871034166814,-2.01839597313607,-1.3449314702806263,0.040972679413164376,-0.01355454446760026,0.9392278176649761,0.3405710210664853,-0.38013087292592385,0.9458291288926042,2.6802902997093736,-2.0747283371239904,-1.3521985244911447,0.04030968046198433,-0.015246090992501364,0.9550594499495278,0.2932646133317255
2.6802902997093736,-2.0747283371239904,-1.3521985244911447,0.04030968046198433,-0.015246090992501364,0.9550594499495278,0.2932646133317255,-0.2925644251793955,-0.39843866756581314,2.7420818615838094,-2.1078121062844466,-1.3573243617145836,0.040339977543226775,-0.014646943562501338,0.9474795570660455,0.3169237166859227
2.7420818615838094,-2.1078121062844466,-1.3573243617145836,0.040339977543226775,-0.014646943562501338,0.9474795570660455,0.3169237166859227,0.15649145541794707,0.760436511492083,2.722770783260779,-2.0799129028089003,-1.3548187012587072,0.04005649633225296,-0.016517416086050625,0.9634210827360769,0.2644663861572389
2.722770783260779,-2.0799129028089003,-1.3548187012587072,0.04005649633225296,-0.016517416086050625,0.9634210827360769,0.2644663861572389,0.6815606466886257,-0.6251921370162643,2.591653361143443,-1.9739578727201836,-1.342341771371109,0.040199517044386596,-0.014774383307417363,0.9480804316680057,0.31513364072325184
2.591653361143443,-1.9739578727201836,-1.342341771371109,0.040199517044386596,-0.014774383307417363,0.9480804316680057,0.31513364072325184,-0.8235754442052909,0.9678268042102205,2.722981770244351,-2.075259663117783,-1.3547195674010966,0.03999350681473526,-0.015968215316298343,0.9590172931658099,0.2800560067579255
2.722981770244351,-2.075259663117783,-1.3547195674010966,0.03999350681473526,-0.015968215316298343,0.9590172931658099,0.2800560067579255,-0.8677526171172667,-0.12958389752514354,2.876379459471765,-2.173686774613825,-1.3682998734949423,0.03935750370942565,-0.016037401130778742,0.9557582585115536,0.29106689944700903
2.876379459471765,-2.173686774613825,-1.3682998734949423,0.03935750370942565,-0.016037401130778742,0.9557582585115536,0.29106689944700903,-0.916051348932361,0.6705670934303092,3.0148830872547583,-2.2670537163593556,-1.3806040612190862,0.037992492761903744,-0.016028783519020106,0.9593247578180809,0.2792770266776656
3.0148830872547583,-2.2670537163593556,-1.3806040612190862,0.037992492761903744,-0.016028783519020106,0.9593247578180809,0.2792770266776656,-0.36470089787639237,0.27938012403628965,3.092679202745789,-2.306776709880055,-1.3870090352555386,0.03791860812751573,-0.01652634845023441,0.9635042274978345,0.2644780946664099
3.092679202745789,-2.306776709880055,-1.3870090352555386,0.03791860812751573,-0.01652634845023441,0.9635042274978345,0.2644780946664099,0.07947208980442966,0.3444566047754549,3.0704222582999874,-2.293988234326807,-1.3850487948442174,0.0372068043812858,-0.01690633561831359,0.9672762160159307,0.2504127621619877
3.0704222582999874,-2.293988234326807,-1.3850487948442174,0.0372068043812858,-0.01690633561831359,0.9672762160159307,0.2504127621619877,0.7100717180277347,0.6391287077694936,2.927205419496916,-2.2207071962359315,-1.3701338588036682,0.042992610862146514,-0.014711679029123279,0.9693715343602838,0.2413587170238298
2.927205419496916,-2.2207071962359315,-1.3701338588036682,0.042992610862146514,-0.014711679029123279,0.9693715343602838,0.2413587170238298,-0.38655448281709126,-0.48578229542269846,3.0203619178567562,-2.2686576229206596,-1.3810473768950002,0.03776059934635401,-0.016478849109898438,0.9627318680463569,0.26730120635154153
3.0203619178567562,-2.2686576229206596,-1.3810473768950002,0.03776059934635401,-0.016478849109898438,0.9627318680463569,0.26730120635154153,0.37626452557844337,-0.8280840039811554,2.9603820234807414,-2.221615400515558,-1.375012719071301,0.040046826678195126,-0.016688841429745374,0.9518539934055181,0.30346615871083116
2.9603820234807414,-2.221615400515558,-1.375012719071301,0.040046826678195126,-0.016688841429745374,0.9518539934055181,0.30346615871083116,-0.12646298469651573,-0.7014076754711365,3.005444718698848,-2.256670686245969,-1.379605369781211,0.038488961363223995,-0.014905900824809257,0.9478908961805289,0.3159102133705951
3.005444718698848,-2.256670686245969,-1.379605369781211,0.038488961363223995,-0.014905900824809257,0.9478908961805289,0.3159102133705951,-0.6977265782825477,0.2060635867985141,3.1503016317079324,-2.3499324291795274,-1.3923050997636957,0.03843818769396775,-0.016143896945076123,0.9518001186127627,0.3038723655203955
3.1503016317079324,-2.3499324291795274,-1.3923050997636957,0.03843818769396775,-0.016143896945076123,0.9518001186127627,0.3038723655203955,0.45159197423596975,0.6976474837937694,3.0541213593103005,-2.286391051453186,-1.3837233669740496,0.03733295236863833,-0.016724502800117808,0.9667010826139963,0.2526174153665129
3.0541213593103005,-2.286391051453186,-1.3837233669740496,0.03733295236863833,-0.016724502800117808,0.9667010826139963,0.2526174153665129,-0.39504211352011076,0.7237518882394447,3.1331286130213676,-2.319719233696573,-1.3896861229670685,0.03632898913847143,-0.01741563243994172,0.9706147639054304,0.23724223988088472
3.1331286130213676,-2.319719233696573,-1.3896861229670685,0.03632898913847143,-0.01741563243994172,0.9706147639054304,0.23724223988088472,0.14626006477461995,0.5886082359956908,3.1008220987695734,-2.302908987972787,-1.3872486828744897,0.036517205398780915,-0.01816362814261135,0.9752955379950013,0.21710640223079797
3.1008220987695734,-2.302908987972787,-1.3872486828744897,0.036517205398780915,-0.01816362814261135,0.9752955379950013,0.21710640223079797,0.5265582762799896,-0.707100431330344,3.008428686641054,-2.2448308120120255,-1.379149698788037,0.03787776529973983,-0.01647133903929411,0.9639463693489444,0.2628713885251473
